Date received,Product,Sub-product,Issue,Sub-issue,Company,State,ZIP code,Submitted via,Date sent to company,Company response to consumer,Timely response?,Consumer disputed?,Complaint ID
07/29/2013,Consumer Loan,Vehicle loan,Managing the loan or lease,,Wells Fargo & Company,VA,24540,Phone,07/30/2013,Closed with explanation,Yes,No,468882
07/29/2013,Bank account or service,Checking account,Using a debit or ATM card,,Wells Fargo & Company,CA,95992,Web,07/31/2013,Closed with explanation,Yes,No,468889
07/29/2013,Bank account or service,Checking account,"Account opening, closing, or management",,Santander Bank US,NY,10065,Fax,07/31/2013,Closed,Yes,No,468879
07/29/2013,Bank account or service,Checking account,Deposits and withdrawals,,Wells Fargo & Company,GA,30084,Web,07/30/2013,Closed with explanation,Yes,No,468949
07/29/2013,Credit card,,Billing statement,,Citibank,OH,45247,Referral,07/30/2013,Closed with explanation,Yes,Yes,469026
07/29/2013,Mortgage,Other mortgage,"Loan servicing, payments, escrow account",,Wells Fargo & Company,NV,89511,Referral,07/30/2013,Closed with explanation,Yes,Yes,469035
07/29/2013,Mortgage,Other mortgage,"Loan modification,collection,foreclosure",,Bank of America,NC,27949,Referral,07/30/2013,Closed with non-monetary relief,Yes,No,469037
07/29/2013,Mortgage,Other mortgage,"Loan servicing, payments, escrow account",,JPMorgan Chase & Co.,CA,90703,Referral,07/30/2013,Closed with explanation,Yes,No,469284
07/29/2013,Mortgage,Other mortgage,"Loan modification,collection,foreclosure",,Citibank,CA,95821,Referral,07/31/2013,Closed with explanation,Yes,Yes,480488
07/29/2013,Debt collection,Credit card,Communication tactics,Frequent or repeated calls,"Asset Management Professionals, LLC",PA,19145,Phone,08-01-2013,Closed with explanation,No,,468904
07/29/2013,Debt collection,Credit card,Communication tactics,Frequent or repeated calls,Wells Fargo & Company,PA,19145,Phone,08-01-2013,Closed with non-monetary relief,Yes,No,468905
07/29/2013,Mortgage,Conventional fixed mortgage,"Loan modification,collection,foreclosure",,JPMorgan Chase & Co.,NY,14092,Phone,07/31/2013,Closed with explanation,Yes,No,469057
07/29/2013,Mortgage,Conventional fixed mortgage,"Loan modification,collection,foreclosure",,Ocwen,FL,33426,Web,07/31/2013,Closed with explanation,Yes,Yes,469060
07/29/2013,Mortgage,Conventional fixed mortgage,"Loan modification,collection,foreclosure",,JPMorgan Chase & Co.,NY,10019,Web,07/30/2013,Closed with explanation,Yes,Yes,469070
07/29/2013,Mortgage,Conventional fixed mortgage,"Loan servicing, payments, escrow account",,Citibank,NJ,7604,Web,07/30/2013,Closed with explanation,Yes,No,472236
07/29/2013,Credit card,,APR or interest rate,,Synchrony Financial,WA,98548,Web,07/29/2013,Closed with monetary relief,Yes,No,469131
07/29/2013,Credit reporting,,Credit monitoring or identity protection,Problem cancelling or closing account,Experian,CA,90034,Web,07/29/2013,Closed with monetary relief,Yes,No,474204
07/29/2013,Mortgage,Conventional adjustable mortgage (ARM),"Loan modification,collection,foreclosure",,Bank of America,HI,96793,Web,07/31/2013,Closed with explanation,Yes,No,469138
07/29/2013,Mortgage,Other mortgage,"Application, originator, mortgage broker",,JPMorgan Chase & Co.,FL,32825,Postal mail,07/30/2013,Closed with explanation,Yes,No,469143
07/29/2013,Mortgage,Conventional fixed mortgage,"Application, originator, mortgage broker",,Wells Fargo & Company,NY,10605,Web,07/31/2013,Closed with non-monetary relief,Yes,No,480173
07/29/2013,Mortgage,Other mortgage,"Loan modification,collection,foreclosure",,Ocwen,NY,14467,Referral,07/30/2013,Closed with explanation,Yes,Yes,469360
07/29/2013,Mortgage,Other mortgage,"Loan servicing, payments, escrow account",,U.S. Bancorp,CA,92591,Referral,07/31/2013,Closed with monetary relief,Yes,No,469632
07/29/2013,Mortgage,Conventional adjustable mortgage (ARM),"Application, originator, mortgage broker",,Bank of America,IL,60443,Web,08-01-2013,Closed with explanation,Yes,No,469173
07/29/2013,Bank account or service,Other bank product/service,Deposits and withdrawals,,Wells Fargo & Company,CA,96088,Web,08-01-2013,Closed with explanation,Yes,No,469185
07/29/2013,Credit reporting,,Incorrect information on credit report,Public record,Equifax,CA,91605,Web,07/29/2013,Closed with non-monetary relief,Yes,No,469201
07/29/2013,Student loan,Non-federal student loan,Repaying your loan,Repaying your loan,"Navient Solutions, Inc.",OH,45150,Web,07/30/2013,Closed with explanation,Yes,No,469210
07/29/2013,Debt collection,"Other (i.e. phone, health club, etc.)",Cont'd attempts collect debt not owed,Debt was paid,"Northland Group, Inc.",FL,32233,Referral,08-01-2013,Closed with explanation,Yes,No,469252
07/29/2013,Mortgage,Other mortgage,"Loan modification,collection,foreclosure",,"SunTrust Banks, Inc.",FL,32084,Referral,08-02-2013,Closed with non-monetary relief,Yes,No,469863
07/29/2013,Mortgage,Conventional adjustable mortgage (ARM),"Loan modification,collection,foreclosure",,Bank of America,FL,33234,Web,07/30/2013,Closed with non-monetary relief,Yes,No,469255
07/29/2013,Mortgage,Other mortgage,"Loan servicing, payments, escrow account",,"SunTrust Banks, Inc.",FL,32505,Referral,08-02-2013,Closed,Yes,No,469811
07/29/2013,Consumer Loan,Vehicle loan,Managing the loan or lease,,Santander Consumer USA Holdings Inc,CA,92677,Referral,08-05-2013,Closed,Yes,Yes,479329
07/29/2013,Mortgage,Other mortgage,"Loan modification,collection,foreclosure",,Land/Home Financial Services,MI,48382,Fax,08-06-2013,Closed with explanation,No,,454668
07/29/2013,Bank account or service,Checking account,Deposits and withdrawals,,JPMorgan Chase & Co.,NJ,8530,Postal mail,07/30/2013,Closed with monetary relief,Yes,No,475273
07/29/2013,Credit card,,Delinquent account,,Amex,TX,78232,Web,07/29/2013,Closed with monetary relief,Yes,No,479990
07/29/2013,Mortgage,FHA mortgage,"Loan modification,collection,foreclosure",,Nationstar Mortgage,GA,30041,Web,07/30/2013,Closed with explanation,Yes,No,469293
07/29/2013,Bank account or service,(CD) Certificate of deposit,"Account opening, closing, or management",,Wells Fargo & Company,TX,77381,Postal mail,07/30/2013,Closed with explanation,Yes,No,469309
07/29/2013,Mortgage,Conventional adjustable mortgage (ARM),"Loan modification,collection,foreclosure",,Ocwen,MA,2368,Web,07/30/2013,Closed with explanation,Yes,No,469334
07/29/2013,Student loan,Non-federal student loan,Repaying your loan,Repaying your loan,"Navient Solutions, Inc.",FL,33133,Web,07/30/2013,Closed with explanation,Yes,No,469340
07/29/2013,Mortgage,Conventional fixed mortgage,"Loan servicing, payments, escrow account",,CIT Bank National Association,NY,11101,Web,07/31/2013,Closed with explanation,Yes,No,469487
07/29/2013,Mortgage,Other mortgage,"Loan servicing, payments, escrow account",,Bank of America,CA,91701,Web,08-01-2013,Closed with explanation,Yes,No,469394
07/29/2013,Debt collection,I do not know,Communication tactics,Frequent or repeated calls,"Alpine Financial Solutions, Inc.",KY,42303,Postal mail,12-04-2013,Closed with explanation,Yes,No,469408
07/29/2013,Mortgage,Conventional fixed mortgage,"Loan servicing, payments, escrow account",,Ditech Financial LLC,TN,37218,Web,07/30/2013,Closed with explanation,Yes,No,469411
07/29/2013,Bank account or service,Checking account,Problems caused by my funds being low,,Wells Fargo & Company,NJ,8618,Phone,07/30/2013,Closed with explanation,Yes,No,469414
07/29/2013,Mortgage,FHA mortgage,"Loan modification,collection,foreclosure",,Citibank,GA,30135,Web,07/30/2013,Closed with explanation,Yes,No,469423
07/29/2013,Credit reporting,,Improper use of my credit report,Report improperly shared by CRC,Equifax,MO,64725,Fax,07/29/2013,Closed with explanation,Yes,No,479282
07/29/2013,Mortgage,Conventional fixed mortgage,Settlement process and costs,,U.S. Bancorp,MN,55414,Web,08-01-2013,Closed with non-monetary relief,Yes,No,469428
07/29/2013,Credit card,,Billing disputes,,Capital One,FL,32226,Web,07/29/2013,Closed with explanation,Yes,No,475777
07/29/2013,Bank account or service,Checking account,Deposits and withdrawals,,Wells Fargo & Company,CA,92277,Web,08-05-2013,Closed with explanation,Yes,No,469446
07/29/2013,Bank account or service,Checking account,"Account opening, closing, or management",,First Tennessee Bank,TN,37806,Phone,07/30/2013,Closed with explanation,Yes,Yes,469447
07/29/2013,Student loan,Non-federal student loan,Repaying your loan,Repaying your loan,Discover,MA,2043,Web,07/30/2013,Closed with explanation,Yes,No,467427
07/29/2013,Mortgage,Conventional fixed mortgage,"Loan modification,collection,foreclosure",,Wells Fargo & Company,CA,91741,Phone,07/30/2013,Closed with explanation,Yes,No,464039
07/29/2013,Mortgage,Conventional fixed mortgage,"Application, originator, mortgage broker",,Bank of America,CA,91320,Web,07/31/2013,Closed with explanation,Yes,No,469461
07/29/2013,Credit card,,Credit line increase/decrease,,Citibank,WI,53066,Phone,07/30/2013,Closed with explanation,Yes,Yes,469473
07/29/2013,Mortgage,Other mortgage,"Loan modification,collection,foreclosure",,Ocwen,CA,95765,Web,07/30/2013,Closed with explanation,Yes,Yes,469479
07/29/2013,Mortgage,Other mortgage,"Loan modification,collection,foreclosure",,CIT Bank National Association,CA,95363,Phone,07/31/2013,Closed,Yes,No,469499
07/29/2013,Debt collection,Credit card,Communication tactics,Threatened to take legal action,"Borenstein & Associates, LLC",WY,82605,Web,09/17/2013,Closed,Yes,No,469501
07/29/2013,Mortgage,Conventional fixed mortgage,Settlement process and costs,,"Houston Home Loan, Inc.",TX,77386,Web,08/30/2013,Closed with explanation,Yes,Yes,469513
07/29/2013,Mortgage,Other mortgage,"Loan servicing, payments, escrow account",,Ocwen,NY,10038,Web,08/13/2013,Closed,Yes,No,480183
07/29/2013,Mortgage,Conventional fixed mortgage,"Loan servicing, payments, escrow account",,Ocwen,VA,24112,Web,07/30/2013,Closed with explanation,Yes,No,469525
07/29/2013,Bank account or service,Other bank product/service,Problems caused by my funds being low,,Bank of America,NY,11716,Phone,08-01-2013,Closed with explanation,Yes,No,469537
07/29/2013,Credit reporting,,Incorrect information on credit report,Information is not mine,"Fidelity National Information Services, Inc. (FNIS)",CT,6514,Referral,08/21/2013,Closed with explanation,Yes,No,469507
07/29/2013,Bank account or service,Checking account,Deposits and withdrawals,,People's United Bank,CT,6514,Referral,07/31/2013,Closed with explanation,Yes,No,469508
07/29/2013,Mortgage,Home equity loan or line of credit,"Loan servicing, payments, escrow account",,"Citizens Financial Group, Inc.",VT,5770,Web,08-01-2013,Closed with non-monetary relief,Yes,No,469589
07/30/2013,Consumer Loan,Vehicle lease,Managing the loan or lease,,Ally Financial Inc.,MI,48238,Fax,08-01-2013,Closed with explanation,Yes,No,469241
07/29/2013,Consumer Loan,Vehicle lease,Managing the loan or lease,,"Asset Management Outsourcing, Inc.",NY,11030,Web,07/31/2013,Closed with explanation,Yes,No,469606
07/30/2013,Credit card,,Payoff process,,Wells Fargo & Company,NV,89108,Phone,08-02-2013,Closed with explanation,Yes,No,470828
07/30/2013,Mortgage,Conventional adjustable mortgage (ARM),"Loan modification,collection,foreclosure",,Bank of America,CA,95219,Web,07/31/2013,Closed with non-monetary relief,Yes,No,470831
07/29/2013,Bank account or service,Checking account,Deposits and withdrawals,,TD Bank US Holding Company,NJ,7656,Postal mail,07/31/2013,Closed with monetary relief,Yes,No,480463
07/29/2013,Credit reporting,,Unable to get credit report/credit score,Problem getting my free annual report,"TransUnion Intermediate Holdings, Inc.",CO,80247,Web,07/29/2013,Closed with non-monetary relief,Yes,No,479873
07/30/2013,Bank account or service,Checking account,Using a debit or ATM card,,JPMorgan Chase & Co.,NY,11772,Web,08-01-2013,Closed with explanation,Yes,No,472678
07/29/2013,Bank account or service,Checking account,Deposits and withdrawals,,Wells Fargo & Company,FL,33326,Web,07/31/2013,Closed with explanation,Yes,No,469641
07/30/2013,Bank account or service,Savings account,Deposits and withdrawals,,JPMorgan Chase & Co.,NY,10469,Web,08-01-2013,Closed with explanation,Yes,No,470665
07/30/2013,Credit card,,Closing/Cancelling account,,Citibank,TX,78249,Web,07/30/2013,Closed with explanation,Yes,Yes,470852
07/31/2013,Bank account or service,Checking account,"Account opening, closing, or management",,Wells Fargo & Company,GA,30680,Web,08-01-2013,Closed with non-monetary relief,Yes,Yes,470863
07/29/2013,Mortgage,Other mortgage,"Loan modification,collection,foreclosure",,Bank of America,MI,49042,Referral,08-02-2013,Closed with explanation,Yes,No,469653
07/29/2013,Mortgage,Other mortgage,"Loan modification,collection,foreclosure",,Ocwen,NY,11230,Referral,07/30/2013,Closed with explanation,Yes,No,455630
07/29/2013,Mortgage,Other mortgage,"Loan modification,collection,foreclosure",,Wells Fargo & Company,CA,95020,Referral,07/31/2013,Closed with explanation,Yes,No,469660
07/29/2013,Mortgage,Home equity loan or line of credit,"Loan modification,collection,foreclosure",,JPMorgan Chase & Co.,AZ,85138,Referral,07/30/2013,Closed with explanation,Yes,Yes,467092
07/29/2013,Mortgage,Other mortgage,"Loan modification,collection,foreclosure",,Wells Fargo & Company,NY,10803,Referral,07/30/2013,Closed with explanation,Yes,Yes,469664
07/29/2013,Credit reporting,,Incorrect information on credit report,Account status,Ocwen,MA,2126,Referral,08-01-2013,Closed,Yes,No,469666
07/31/2013,Credit card,,Billing statement,,JPMorgan Chase & Co.,DE,19809,Web,07/30/2013,Closed with monetary relief,Yes,No,479338
07/31/2013,Bank account or service,Checking account,Deposits and withdrawals,,Santander Bank US,NJ,7106,Web,08-01-2013,Closed with explanation,Yes,No,470903
07/29/2013,Mortgage,Conventional adjustable mortgage (ARM),"Loan modification,collection,foreclosure",,HSBC North America Holdings Inc.,OH,44112,Phone,07/30/2013,Closed with explanation,Yes,No,469669
07/29/2013,Credit reporting,,Credit reporting company's investigation,Problem with statement of dispute,Experian,NY,14622,Web,07/31/2013,Closed with explanation,Yes,No,469670
07/31/2013,Debt collection,Credit card,Taking/threatening an illegal action,Sued w/o proper notification of suit,Encore Capital Group,NY,14212,Web,07/30/2013,Closed with explanation,Yes,No,487029
07/29/2013,Mortgage,Conventional fixed mortgage,"Loan servicing, payments, escrow account",,Ocwen,IN,47265,Web,07/30/2013,Closed with explanation,Yes,No,469678
07/30/2013,Debt collection,I do not know,Cont'd attempts collect debt not owed,Debt is not mine,"Fidelity National Information Services, Inc. (FNIS)",CO,81302,Web,09/17/2013,Closed with explanation,Yes,No,469732
07/31/2013,Credit card,,Payoff process,,Citibank,NJ,7018,Web,07/30/2013,Closed with explanation,Yes,No,480935
07/31/2013,Mortgage,Conventional fixed mortgage,"Loan modification,collection,foreclosure",,Bank of America,NY,14212,Web,07/31/2013,Closed with explanation,Yes,Yes,493136
07/31/2013,Mortgage,Conventional adjustable mortgage (ARM),"Loan modification,collection,foreclosure",,Nationstar Mortgage,CA,95037,Web,07/31/2013,Closed with explanation,Yes,Yes,454695
07/30/2013,Debt collection,Federal student loan,Communication tactics,Frequent or repeated calls,"Navient Solutions, Inc.",NY,10026,Web,07/29/2013,Closed with explanation,Yes,No,469736
07/31/2013,Mortgage,Conventional adjustable mortgage (ARM),"Loan modification,collection,foreclosure",,Citibank,CA,90045,Web,07/31/2013,Closed with explanation,Yes,No,748242
07/31/2013,Debt collection,Credit card,Cont'd attempts collect debt not owed,Debt is not mine,The Moore Law Group,CA,91711,Web,07/30/2013,Closed with explanation,Yes,No,470913
07/30/2013,Debt collection,"Other (i.e. phone, health club, etc.)",Cont'd attempts collect debt not owed,Debt was paid,"Franklin Collection Service, Inc.",IL,60440,Phone,08-01-2013,Closed with explanation,Yes,No,469711
07/31/2013,Mortgage,Conventional fixed mortgage,"Loan servicing, payments, escrow account",,HSBC North America Holdings Inc.,FL,32747,Web,07/31/2013,Closed with explanation,Yes,Yes,482443
07/30/2013,Mortgage,Conventional fixed mortgage,"Loan servicing, payments, escrow account",,EverBank,TN,37217,Web,07/30/2013,Closed with explanation,Yes,No,469734
08-06-2013,Debt collection,Credit card,Communication tactics,Frequent or repeated calls,Encore Capital Group,OK,73661,Phone,08-07-2013,Closed with explanation,Yes,Yes,481511
08-06-2013,Mortgage,Other mortgage,"Loan servicing, payments, escrow account",,JPMorgan Chase & Co.,GA,30233,Referral,08-07-2013,Closed with explanation,Yes,No,481969
07/22/2013,Credit reporting,,Incorrect information on credit report,Account status,Equifax,CA,92119,Web,07/31/2013,Closed with non-monetary relief,Yes,Yes,463491
08-06-2013,Mortgage,Other mortgage,"Loan modification,collection,foreclosure",,Ocwen,MD,20743,Referral,08-12-2013,Closed with explanation,Yes,Yes,481956
08-06-2013,Mortgage,Other mortgage,"Loan modification,collection,foreclosure",,Bank of America,NY,11978,Referral,08-08-2013,Closed with explanation,Yes,No,481987
07/23/2013,Credit reporting,,Incorrect information on credit report,Account status,"TransUnion Intermediate Holdings, Inc.",NY,12208,Web,07/29/2013,Closed with explanation,Yes,No,480414
07/23/2013,Bank account or service,Other bank product/service,"Account opening, closing, or management",,"SunTrust Banks, Inc.",GA,30062,Web,07/24/2013,Closed with explanation,Yes,No,463640
07/23/2013,Mortgage,Conventional adjustable mortgage (ARM),"Loan modification,collection,foreclosure",,JPMorgan Chase & Co.,NJ,8302,Web,07/25/2013,Closed with explanation,Yes,No,463641
08-01-2013,Bank account or service,Other bank product/service,Problems caused by my funds being low,,PNC Bank N.A.,CA,92591,Web,08-06-2013,Closed with explanation,Yes,No,471476
08-01-2013,Credit card,,Closing/Cancelling account,,Capital One,CA,91355,Web,07/31/2013,Closed with explanation,Yes,No,471488
07/23/2013,Bank account or service,Checking account,"Account opening, closing, or management",,JPMorgan Chase & Co.,CA,92651,Web,07/24/2013,Closed with explanation,Yes,No,463655
07/23/2013,Consumer Loan,Vehicle loan,Shopping for a loan or lease,,BMW Financial Services,CA,92530,Web,07/24/2013,Closed with explanation,Yes,No,472477
08-01-2013,Credit reporting,,Credit reporting company's investigation,No notice of investigation status/result,Experian,NJ,7424,Web,08-01-2013,Closed with non-monetary relief,Yes,No,471492
08-06-2013,Mortgage,Conventional fixed mortgage,"Loan modification,collection,foreclosure",,Specialized Loan Servicing LLC,WA,98225,Web,08-09-2013,Closed,Yes,No,481738
08-06-2013,Mortgage,Other mortgage,"Loan modification,collection,foreclosure",,JPMorgan Chase & Co.,DC,92544,Referral,08-12-2013,Closed with explanation,Yes,No,482402
07/23/2013,Student loan,Non-federal student loan,Repaying your loan,Repaying your loan,"Navient Solutions, Inc.",IL,60639,Web,07/25/2013,Closed with monetary relief,Yes,No,463669
07/23/2013,Mortgage,Conventional adjustable mortgage (ARM),"Loan modification,collection,foreclosure",,Wells Fargo & Company,WA,98388,Web,07/23/2013,Closed with explanation,Yes,No,463670
08-01-2013,Debt collection,"Other (i.e. phone, health club, etc.)",Cont'd attempts collect debt not owed,Debt was paid,ERC,LA,70130,Web,09-05-2013,Closed with non-monetary relief,Yes,No,471496
08-01-2013,Mortgage,FHA mortgage,"Loan modification,collection,foreclosure",,Bank of America,ID,83672,Web,08-05-2013,Closed with explanation,Yes,No,471504
08-01-2013,Bank account or service,Checking account,"Making/receiving payments, sending money",,Citibank,WA,99212,Referral,08-02-2013,Closed with non-monetary relief,Yes,No,471510
07/23/2013,Mortgage,Other mortgage,"Loan modification,collection,foreclosure",,JPMorgan Chase & Co.,TX,76308,Referral,07/24/2013,Closed with explanation,Yes,No,463716
07/23/2013,Mortgage,Other mortgage,"Loan servicing, payments, escrow account",,Bank of America,WA,98668,Referral,07/24/2013,Closed with explanation,Yes,No,463705
07/23/2013,Mortgage,Other mortgage,"Loan modification,collection,foreclosure",,Wells Fargo & Company,WA,98321,Referral,07/25/2013,Closed with explanation,Yes,No,463682
07/23/2013,Mortgage,Other mortgage,"Application, originator, mortgage broker",,Wells Fargo & Company,UT,84111,Referral,07/24/2013,Closed with explanation,Yes,No,462160
07/23/2013,Mortgage,FHA mortgage,"Loan modification,collection,foreclosure",,Bank of America,IL,61008,Referral,07/24/2013,Closed with explanation,Yes,No,463683
08-06-2013,Mortgage,FHA mortgage,"Loan modification,collection,foreclosure",,Nationstar Mortgage,FL,34761,Web,08-09-2013,Closed with explanation,Yes,Yes,481768
07/23/2013,Mortgage,Other mortgage,"Loan modification,collection,foreclosure",,Wells Fargo & Company,CA,90069,Referral,07/24/2013,Closed with monetary relief,Yes,No,463685
07/23/2013,Mortgage,Other mortgage,"Loan modification,collection,foreclosure",,Wells Fargo & Company,MN,56560,Referral,07/25/2013,Closed with explanation,Yes,No,463687
07/23/2013,Credit card,,Billing disputes,,Bank of America,VA,20151,Referral,07/25/2013,Closed with explanation,Yes,Yes,463688
08-01-2013,Mortgage,Other mortgage,Other,,Ocwen,NY,11516,Postal mail,08-05-2013,Closed with explanation,Yes,No,474839
08-01-2013,Mortgage,Other mortgage,"Loan modification,collection,foreclosure",,Nationstar Mortgage,VA,20171,Referral,08-05-2013,Closed with explanation,Yes,No,455881
08-01-2013,Mortgage,FHA mortgage,"Loan modification,collection,foreclosure",,Bank of America,FL,33777,Web,08-05-2013,Closed with explanation,Yes,No,471530
07/23/2013,Mortgage,Other mortgage,"Loan modification,collection,foreclosure",,Wells Fargo & Company,IL,60510,Referral,07/24/2013,Closed with explanation,Yes,No,463689
07/23/2013,Mortgage,Other mortgage,Other,,JPMorgan Chase & Co.,AL,35808,Referral,07/24/2013,Closed with explanation,Yes,No,463691
07/23/2013,Bank account or service,Checking account,Deposits and withdrawals,,JPMorgan Chase & Co.,CA,95437,Referral,07/24/2013,Closed with explanation,Yes,Yes,463693
07/23/2013,Mortgage,Other mortgage,"Loan modification,collection,foreclosure",,Ditech Financial LLC,DC,20017,Referral,07/25/2013,Closed with explanation,Yes,No,463751
08-06-2013,Mortgage,Conventional fixed mortgage,"Loan servicing, payments, escrow account",,Flagstar Bank,CO,80027,Web,08-08-2013,Closed with monetary relief,Yes,No,481789
08-01-2013,Mortgage,Other mortgage,"Loan servicing, payments, escrow account",,Citibank,MO,63108,Referral,08-05-2013,Closed with explanation,Yes,No,473158
08-06-2013,Credit reporting,,Incorrect information on credit report,Account status,Experian,TX,77065,Postal mail,09-05-2013,Closed with non-monetary relief,Yes,No,482150
08-01-2013,Money transfers,Domestic (US) money transfer,Other transaction issues,,The Western Union Company,KS,66502,Web,08-01-2013,Closed with explanation,Yes,No,471534
07/23/2013,Debt collection,Credit card,False statements or representation,Attempted to collect wrong amount,"Portfolio Recovery Associates, Inc.",CA,95060,Web,07/23/2013,Closed with explanation,Yes,Yes,463699
07/23/2013,Credit card,,APR or interest rate,,Synchrony Financial,MD,21794,Referral,07/26/2013,Closed with explanation,Yes,No,463702
07/23/2013,Bank account or service,Other bank product/service,"Account opening, closing, or management",,Wells Fargo & Company,VA,22150,Postal mail,08-01-2013,Closed with explanation,Yes,No,463723
08-01-2013,Mortgage,Other mortgage,"Loan modification,collection,foreclosure",,Bank of America,PA,19140,Web,08-05-2013,Closed with non-monetary relief,Yes,No,471539
08-06-2013,Bank account or service,Other bank product/service,"Account opening, closing, or management",,BMO Harris,IL,60680,Web,08-09-2013,Closed with explanation,Yes,No,481827
08-01-2013,Mortgage,Conventional fixed mortgage,"Loan servicing, payments, escrow account",,JPMorgan Chase & Co.,CA,95409,Web,08-05-2013,Closed with explanation,Yes,No,464653
07/23/2013,Mortgage,Other mortgage,"Loan modification,collection,foreclosure",,JPMorgan Chase & Co.,GA,30228,Phone,07/25/2013,Closed with explanation,Yes,No,463742
07/23/2013,Debt collection,Credit card,Communication tactics,Called after sent written cease of comm,Citibank,NY,14468,Postal mail,07/31/2013,Closed with non-monetary relief,Yes,No,458524
08-01-2013,Mortgage,Conventional fixed mortgage,"Loan modification,collection,foreclosure",,Bank of America,MD,21237,Phone,08-05-2013,Closed with explanation,Yes,No,471560
07/23/2013,Credit card,,Other,,Capital One,NH,3110,Web,07/23/2013,Closed with explanation,Yes,Yes,463752
08-06-2013,Bank account or service,Savings account,"Account opening, closing, or management",,"SunTrust Banks, Inc.",TN,37909,Referral,08-08-2013,Closed with explanation,Yes,No,482407
07/23/2013,Credit reporting,,Unable to get credit report/credit score,Problem getting report or credit score,"TransUnion Intermediate Holdings, Inc.",GA,30214,Postal mail,08/19/2013,Closed with explanation,Yes,Yes,475511
08-01-2013,Mortgage,Conventional fixed mortgage,"Loan modification,collection,foreclosure",,Bank of America,FL,32221,Web,08-05-2013,Closed with explanation,Yes,No,471580
07/23/2013,Bank account or service,Other bank product/service,Problems caused by my funds being low,,Bank of America,FL,34205,Web,07/24/2013,Closed with explanation,Yes,No,454548
08-01-2013,Consumer Loan,Installment loan,Taking out the loan or lease,,Wells Fargo & Company,SC,29229,Web,08-05-2013,Closed with explanation,Yes,Yes,471587
08-06-2013,Mortgage,Conventional adjustable mortgage (ARM),"Loan modification,collection,foreclosure",,Wells Fargo & Company,CA,92626,Web,08/13/2013,Closed with explanation,Yes,No,482133
08-06-2013,Mortgage,Conventional fixed mortgage,"Loan modification,collection,foreclosure",,JPMorgan Chase & Co.,AZ,85338,Web,08-08-2013,Closed with explanation,Yes,No,481849
07/23/2013,Mortgage,Conventional fixed mortgage,"Application, originator, mortgage broker",,"Citizens Financial Group, Inc.",MA,2184,Web,07/24/2013,Closed with explanation,Yes,No,463768
07/23/2013,Credit card,,Other,,JPMorgan Chase & Co.,CA,91941,Web,07/23/2013,Closed with explanation,Yes,No,475145
08-06-2013,Mortgage,Conventional fixed mortgage,"Loan modification,collection,foreclosure",,"Select Portfolio Servicing, Inc",NJ,7621,Web,08-09-2013,Closed with explanation,Yes,No,481857
08-06-2013,Credit reporting,,Incorrect information on credit report,Account terms,Wells Fargo & Company,FL,32765,Web,08-08-2013,Closed with explanation,Yes,No,481861
07/23/2013,Mortgage,Other mortgage,"Loan modification,collection,foreclosure",,JPMorgan Chase & Co.,MI,48382,Fax,07/25/2013,Closed with explanation,Yes,No,454653
08-01-2013,Mortgage,Conventional fixed mortgage,"Loan modification,collection,foreclosure",,Bank of America,FL,33026,Web,08-05-2013,Closed with non-monetary relief,Yes,No,471617
07/23/2013,Mortgage,Conventional fixed mortgage,"Loan modification,collection,foreclosure",,JPMorgan Chase & Co.,FL,34120,Phone,07/24/2013,Closed with explanation,Yes,No,463804
08-06-2013,Mortgage,Other mortgage,"Loan modification,collection,foreclosure",,Regions Financial Corporation,MS,39212,Referral,08-09-2013,Closed,Yes,No,482413
08-01-2013,Mortgage,Other mortgage,"Loan servicing, payments, escrow account",,Ocwen,MA,1960,Web,08-05-2013,Closed with explanation,Yes,Yes,475211
08-01-2013,Mortgage,Other mortgage,"Loan modification,collection,foreclosure",,Citibank,FL,33460,Referral,08-05-2013,Closed with explanation,Yes,No,471625
07/23/2013,Credit reporting,,Incorrect information on credit report,Account status,"Focused Recovery Solutions, Inc.",VA,23831,Web,08-05-2013,Closed with non-monetary relief,Yes,No,463818
07/23/2013,Credit reporting,,Incorrect information on credit report,Information is not mine,"TransUnion Intermediate Holdings, Inc.",FL,33141,Postal mail,07/29/2013,Closed with explanation,Yes,No,463820
08-01-2013,Mortgage,Conventional adjustable mortgage (ARM),"Loan servicing, payments, escrow account",,Ocwen,CA,95126,Web,08-05-2013,Closed with explanation,Yes,No,471653
08-01-2013,Debt collection,Credit card,Cont'd attempts collect debt not owed,Debt was paid,Citibank,IL,60425,Web,01-09-2014,Closed with explanation,Yes,No,471655
07/23/2013,Credit card,,Late fee,,Capital One,AR,72015,Web,07/23/2013,Closed with monetary relief,Yes,No,463829
08-01-2013,Credit reporting,,Incorrect information on credit report,Account terms,Experian,WA,98053,Web,08-06-2013,Closed with explanation,Yes,Yes,454838
07/23/2013,Credit reporting,,Incorrect information on credit report,Account terms,Equifax,GA,30253,Web,07/23/2013,Closed with non-monetary relief,Yes,No,457178
08-01-2013,Mortgage,FHA mortgage,Settlement process and costs,,Prospect Mortgage,FL,33469,Web,08-05-2013,Closed with explanation,Yes,Yes,471663
07/23/2013,Mortgage,Other mortgage,"Loan modification,collection,foreclosure",,Bank of America,NY,11779,Referral,07/24/2013,Closed with explanation,Yes,No,464221
07/23/2013,Mortgage,Other mortgage,"Loan modification,collection,foreclosure",,Bank of America,CA,95842,Referral,07/25/2013,Closed with explanation,Yes,No,464275
07/24/2013,Credit card,,Billing disputes,,HSBC North America Holdings Inc.,NY,10002,Web,07/24/2013,Closed with explanation,Yes,No,465071
07/24/2013,Bank account or service,Checking account,Problems caused by my funds being low,,TD Bank US Holding Company,CT,6001,Referral,07/26/2013,Closed with monetary relief,Yes,No,465980
07/23/2013,Mortgage,Conventional fixed mortgage,"Loan modification,collection,foreclosure",,Nationstar Mortgage,VA,22010,Web,07/25/2013,Closed with explanation,Yes,No,475789
08-06-2013,Mortgage,Conventional fixed mortgage,"Loan servicing, payments, escrow account",,Citibank,MI,48301,Web,08-09-2013,Closed with explanation,Yes,No,481960
08-06-2013,Bank account or service,Checking account,Deposits and withdrawals,,U.S. Bancorp,CO,80026,Web,08-07-2013,Closed with explanation,Yes,No,481957
07/23/2013,Bank account or service,Savings account,"Account opening, closing, or management",,Santander Bank US,ME,4538,Web,07/24/2013,Closed with explanation,Yes,No,463887
07/23/2013,Credit card,,Payoff process,,U.S. Bancorp,MA,2726,Referral,07/26/2013,Closed with explanation,Yes,Yes,463889
07/24/2013,Mortgage,Conventional fixed mortgage,"Application, originator, mortgage broker",,JPMorgan Chase & Co.,TN,37777,Web,07/29/2013,Closed with explanation,Yes,Yes,465093
07/24/2013,Credit card,,Billing disputes,,Amex,CA,92841,Referral,08/13/2013,Closed with monetary relief,Yes,Yes,465248
08-06-2013,Mortgage,Conventional adjustable mortgage (ARM),"Loan modification,collection,foreclosure",,Bank of America,VA,22182,Web,08-07-2013,Closed with non-monetary relief,Yes,No,482137
08-06-2013,Credit reporting,,Unable to get credit report/credit score,Problem getting my free annual report,"Sterling Infosystems, Inc.",FL,32809,Web,08-09-2013,Closed with explanation,Yes,No,481968
07/24/2013,Mortgage,Other mortgage,"Loan modification,collection,foreclosure",,Bank of America,FL,33141,Referral,07/26/2013,Closed with explanation,Yes,Yes,465316
08-06-2013,Mortgage,Home equity loan or line of credit,"Loan modification,collection,foreclosure",,Specialized Loan Servicing LLC,CA,92886,Postal mail,08-07-2013,Closed,Yes,No,481055
07/24/2013,Credit card,,APR or interest rate,,PNC Bank N.A.,PA,15216,Phone,07/26/2013,Closed with explanation,Yes,No,465121
07/24/2013,Mortgage,Home equity loan or line of credit,"Loan modification,collection,foreclosure",,Citibank,NY,11743,Web,07/26/2013,Closed with monetary relief,Yes,No,465124
07/24/2013,Credit card,,Other,,Amex,FL,33547,Postal mail,07/25/2013,Closed with monetary relief,Yes,No,475638
07/23/2013,Credit card,,Billing disputes,,Capital One,MA,1341,Web,07/23/2013,Closed with explanation,Yes,No,463979
07/24/2013,Credit card,,Billing disputes,,Bank of America,CO,80012,Web,07/25/2013,Closed with explanation,Yes,No,465138
07/24/2013,Student loan,Non-federal student loan,Repaying your loan,Repaying your loan,"Navient Solutions, Inc.",NJ,8054,Web,07/25/2013,Closed with explanation,Yes,No,465156
07/23/2013,Credit reporting,,Improper use of my credit report,Report improperly shared by CRC,Experian,FL,34988,Web,07/29/2013,Closed with non-monetary relief,Yes,No,475950
08-06-2013,Mortgage,Conventional fixed mortgage,"Loan modification,collection,foreclosure",,Bank of America,NC,28031,Phone,09/20/2013,Closed with explanation,Yes,No,482076
08-06-2013,Debt collection,"Other (i.e. phone, health club, etc.)",Communication tactics,Frequent or repeated calls,Stellar Recovery Inc.,NJ,7055,Postal mail,08-12-2013,Closed with explanation,Yes,No,480828
08-06-2013,Mortgage,Conventional fixed mortgage,"Loan modification,collection,foreclosure",,Ditech Financial LLC,CA,94547,Web,08-07-2013,Closed with explanation,Yes,No,482078
07/23/2013,Mortgage,Conventional fixed mortgage,"Loan servicing, payments, escrow account",,Ditech Financial LLC,MI,48041,Web,07/24/2013,Closed with explanation,Yes,No,464006
07/24/2013,Bank account or service,(CD) Certificate of deposit,Deposits and withdrawals,,"Citizens Financial Group, Inc.",PA,19055,Referral,07/26/2013,Closed with explanation,Yes,No,465189
07/24/2013,Mortgage,Other mortgage,"Loan modification,collection,foreclosure",,JPMorgan Chase & Co.,CA,90064,Referral,07/26/2013,Closed with explanation,Yes,No,465192
08-06-2013,Credit reporting,,Incorrect information on credit report,Information is not mine,Equifax,OR,97701,Web,08-06-2013,Closed with non-monetary relief,Yes,No,482083
07/24/2013,Mortgage,Other mortgage,"Loan modification,collection,foreclosure",,Wells Fargo & Company,KY,40071,Referral,07/26/2013,Closed with explanation,Yes,No,465195
07/24/2013,Mortgage,Other mortgage,"Loan modification,collection,foreclosure",,Bank of America,FL,33323,Referral,07/29/2013,Closed with explanation,Yes,No,465198
07/24/2013,Mortgage,Other mortgage,"Loan servicing, payments, escrow account",,Bank of America,CA,92780,Referral,07/26/2013,Closed with explanation,Yes,No,465205
08-06-2013,Credit reporting,,Incorrect information on credit report,Account terms,Experian,IL,60192,Web,08-06-2013,Closed with non-monetary relief,Yes,No,482097
07/23/2013,Mortgage,Other mortgage,"Loan modification,collection,foreclosure",,Regions Financial Corporation,FL,33142,Web,07/24/2013,Closed with explanation,Yes,No,464031
07/24/2013,Bank account or service,Checking account,"Account opening, closing, or management",,Regions Financial Corporation,TN,37885,Referral,07/26/2013,Closed,Yes,No,465199
07/24/2013,Mortgage,Conventional adjustable mortgage (ARM),"Loan modification,collection,foreclosure",,JPMorgan Chase & Co.,PA,19008,Referral,07/26/2013,Closed with explanation,Yes,No,465206
07/24/2013,Money transfers,Domestic (US) money transfer,Money was not available when promised,,Wells Fargo & Company,MD,21061,Referral,07/31/2013,Closed with explanation,Yes,No,465207
07/24/2013,Mortgage,Other mortgage,"Loan modification,collection,foreclosure",,HSBC North America Holdings Inc.,NH,3451,Referral,07/29/2013,Closed with explanation,Yes,No,465212
07/23/2013,Mortgage,FHA mortgage,"Loan modification,collection,foreclosure",,Bank of America,PA,19605,Phone,07/24/2013,Closed with explanation,Yes,No,464051
07/23/2013,Mortgage,Conventional fixed mortgage,"Loan servicing, payments, escrow account",,PNC Bank N.A.,MD,21029,Phone,07/25/2013,Closed with explanation,Yes,No,464059
07/24/2013,Mortgage,Conventional fixed mortgage,"Loan modification,collection,foreclosure",,Bank of America,FL,33024,Referral,07/29/2013,Closed with explanation,Yes,Yes,454985
07/23/2013,Credit reporting,,Incorrect information on credit report,Account status,Equifax,NY,12533,Web,07/23/2013,Closed with non-monetary relief,Yes,No,462445
07/24/2013,Mortgage,Other mortgage,"Loan modification,collection,foreclosure",,Ocwen,CA,92701,Referral,07/29/2013,Closed with explanation,Yes,No,465218
07/24/2013,Mortgage,Other mortgage,"Loan modification,collection,foreclosure",,JPMorgan Chase & Co.,FL,32774,Referral,07/26/2013,Closed with explanation,Yes,No,466121
07/24/2013,Mortgage,Other mortgage,"Loan modification,collection,foreclosure",,Nationstar Mortgage,CA,91764,Referral,07/26/2013,Closed with explanation,Yes,No,454862
07/24/2013,Bank account or service,Checking account,"Account opening, closing, or management",,JPMorgan Chase & Co.,CA,90019,Referral,07/29/2013,Closed with explanation,Yes,Yes,465224
07/23/2013,Mortgage,FHA mortgage,"Loan modification,collection,foreclosure",,Wells Fargo & Company,MD,20748,Phone,07/24/2013,Closed with explanation,Yes,Yes,464067
07/23/2013,Credit card,,Other,,Discover,CT,6002,Web,07/23/2013,Closed with explanation,Yes,No,462132
08-07-2013,Mortgage,FHA mortgage,"Loan modification,collection,foreclosure",,Wells Fargo & Company,TX,75115,Web,08-07-2013,Closed with explanation,Yes,No,499212
07/24/2013,Mortgage,Other mortgage,"Loan servicing, payments, escrow account",,Ditech Financial LLC,CA,94526,Referral,07/26/2013,Closed with explanation,Yes,No,475460
08-07-2013,Credit reporting,,Incorrect information on credit report,Personal information,Equifax,VA,23455,Web,08-06-2013,Closed with non-monetary relief,Yes,No,482494
08-07-2013,Debt collection,Credit card,Taking/threatening an illegal action,Sued where didn't live/sign for debt,Amex,CA,90274,Web,08-06-2013,Closed with non-monetary relief,Yes,No,495107
08-07-2013,Debt collection,Mortgage,Improper contact or sharing of info,Talked to a third party about my debt,Ditech Financial LLC,WI,53508,Web,11-07-2013,Closed with explanation,Yes,No,482484
08-07-2013,Debt collection,I do not know,Cont'd attempts collect debt not owed,Debt is not mine,"Debt Recovery Solutions, LLC",FL,32937,Web,08-12-2013,Closed with explanation,Yes,No,482469
07/23/2013,Mortgage,Conventional fixed mortgage,"Loan servicing, payments, escrow account",,Real Time Resolutions,CA,92128,Web,07/25/2013,Closed with explanation,Yes,No,464080
07/24/2013,Mortgage,Other mortgage,"Loan modification,collection,foreclosure",,Wells Fargo & Company,CA,92660,Referral,07/26/2013,Closed with explanation,Yes,No,476088
08-07-2013,Credit card,,Identity theft / Fraud / Embezzlement,,Synchrony Financial,NY,14217,Phone,08-07-2013,Closed with non-monetary relief,Yes,No,493198
08-07-2013,Debt collection,"Other (i.e. phone, health club, etc.)",Cont'd attempts collect debt not owed,Debt is not mine,Consumer Adjustment Company Incorporated,FL,32937,Web,08-06-2013,Closed with non-monetary relief,Yes,No,482470
08-07-2013,Debt collection,Credit card,Taking/threatening an illegal action,Threatened to sue on too old debt,JPMorgan Chase & Co.,MN,55126,Web,08-06-2013,Closed with explanation,Yes,No,482499
08-07-2013,Credit reporting,,Unable to get credit report/credit score,Problem getting report or credit score,"TransUnion Intermediate Holdings, Inc.",CA,92114,Web,08-06-2013,Closed with explanation,Yes,No,493184
07/23/2013,Mortgage,Other mortgage,"Loan modification,collection,foreclosure",,JPMorgan Chase & Co.,MI,48382,Fax,07/25/2013,Closed with explanation,Yes,No,454654
07/23/2013,Mortgage,Other mortgage,"Loan modification,collection,foreclosure",,Astoria Bank,DC,20019,Referral,07/25/2013,Closed with explanation,Yes,No,464096
08-07-2013,Mortgage,Conventional fixed mortgage,"Application, originator, mortgage broker",,Bank of America,CA,94114,Web,08-08-2013,Closed with explanation,Yes,No,482503
07/23/2013,Credit reporting,,Unable to get credit report/credit score,Problem getting my free annual report,Equifax,NE,69101,Web,07/23/2013,Closed with non-monetary relief,Yes,No,464108
08-07-2013,Mortgage,Conventional adjustable mortgage (ARM),"Application, originator, mortgage broker",,Nationstar Mortgage,WA,98665,Web,08-07-2013,Closed with explanation,Yes,Yes,482834
08-07-2013,Bank account or service,Checking account,Using a debit or ATM card,,Bank of America,NY,11238,Web,08-07-2013,Closed with explanation,Yes,No,493185
08-07-2013,Credit card,,APR or interest rate,,Citibank,FL,33418,Web,08-07-2013,Closed with non-monetary relief,Yes,No,486967
07/23/2013,Mortgage,Other mortgage,"Loan modification,collection,foreclosure",,"SunTrust Banks, Inc.",FL,33185,Referral,07/25/2013,Closed with explanation,Yes,No,464608
08-07-2013,Credit card,,Cash advance,,Amex,VA,23233,Web,08-06-2013,Closed with explanation,Yes,No,482835
07/23/2013,Mortgage,VA mortgage,"Loan servicing, payments, escrow account",,Residential Credit Solutions,NC,27704,Web,07/25/2013,Closed with explanation,No,No,464118
07/23/2013,Bank account or service,Checking account,Problems caused by my funds being low,,Santander Bank US,NJ,8857,Referral,07/24/2013,Closed,Yes,Yes,464614
08-07-2013,Mortgage,Conventional fixed mortgage,"Loan modification,collection,foreclosure",,Bank of America,AZ,85345,Web,08-09-2013,Closed with explanation,Yes,No,484851
07/24/2013,Debt collection,"Other (i.e. phone, health club, etc.)",Communication tactics,Threatened to take legal action,Synchrony Financial,NJ,7410,Phone,07/31/2013,Closed with explanation,Yes,Yes,475196
08-07-2013,Credit card,,Late fee,,Citibank,CA,94523,Web,08-07-2013,Closed with monetary relief,Yes,No,488956
08-07-2013,Credit reporting,,Credit reporting company's investigation,Problem with statement of dispute,Equifax,CA,90230,Web,08-07-2013,Closed with explanation,Yes,No,482474
08-12-2013,Mortgage,FHA mortgage,"Loan modification,collection,foreclosure",,Bank of America,NJ,7062,Web,08/14/2013,Closed with explanation,Yes,No,488098
07/24/2013,Credit reporting,,Incorrect information on credit report,Information is not mine,Synchrony Financial,CA,93401,Web,08-01-2013,Closed with non-monetary relief,Yes,No,465281
08-07-2013,Mortgage,Conventional fixed mortgage,Settlement process and costs,,Nationstar Mortgage,WA,98036,Web,08-09-2013,Closed with explanation,Yes,Yes,484852
08-07-2013,Bank account or service,Checking account,Problems caused by my funds being low,,Santander Bank US,NY,11106,Referral,08-08-2013,Closed,Yes,No,482887
08-07-2013,Mortgage,VA mortgage,"Loan servicing, payments, escrow account",,Nationstar Mortgage,SC,29649,Referral,08-12-2013,Closed with explanation,Yes,No,482544
08-07-2013,Mortgage,Other mortgage,"Loan modification,collection,foreclosure",,Bank of America,CA,91709,Referral,08-09-2013,Closed with explanation,Yes,No,484871
08-07-2013,Debt collection,"Other (i.e. phone, health club, etc.)",Disclosure verification of debt,Not given enough info to verify debt,"The Stark Collection Agency, Inc.",IL,60459,Referral,08-09-2013,Closed with non-monetary relief,Yes,No,482521
08-12-2013,Mortgage,Conventional fixed mortgage,Credit decision / Underwriting,,Wells Fargo & Company,WA,98045,Web,08/14/2013,Closed with explanation,Yes,No,488082
07/23/2013,Mortgage,Other mortgage,"Loan modification,collection,foreclosure",,BB&T Financial,FL,34668,Referral,07/25/2013,Closed with explanation,Yes,No,464825
07/24/2013,Credit reporting,,Unable to get credit report/credit score,Problem getting report or credit score,Equifax,PR,940,Web,07/24/2013,Closed with non-monetary relief,Yes,No,465296
08-07-2013,Credit reporting,,Incorrect information on credit report,Account status,Equifax,LA,71360,Postal mail,08-08-2013,Closed with explanation,Yes,No,482487
07/24/2013,Bank account or service,Savings account,"Account opening, closing, or management",,Bank of America,AZ,85143,Phone,07/25/2013,Closed with explanation,Yes,No,465305
07/23/2013,Bank account or service,Checking account,"Account opening, closing, or management",,Bank of America,FL,33012,Referral,07/24/2013,Closed with monetary relief,Yes,No,464660
07/23/2013,Mortgage,Conventional fixed mortgage,"Loan modification,collection,foreclosure",,PNC Bank N.A.,PA,18062,Web,07/25/2013,Closed with explanation,Yes,No,464145
08-12-2013,Debt collection,I do not know,Cont'd attempts collect debt not owed,Debt is not mine,"Receivables Management Partners, LLC",IL,61073,Web,10/16/2013,Closed,Yes,No,488154
08-12-2013,Credit reporting,,Incorrect information on credit report,Account status,"Navient Solutions, Inc.",NE,68510,Web,08/14/2013,Closed with explanation,Yes,Yes,488008
08-07-2013,Debt collection,Mortgage,Cont'd attempts collect debt not owed,Debt was discharged in bankruptcy,Morgan Stanley,FL,33411,Web,08/28/2013,Closed with non-monetary relief,Yes,No,482546
07/23/2013,Debt collection,I do not know,Communication tactics,Frequent or repeated calls,"Convergent Resources, Inc.",CA,95954,Phone,07/30/2013,Closed,Yes,No,464164
07/23/2013,Mortgage,Other mortgage,"Loan servicing, payments, escrow account",,Bank of America,CA,91702,Postal mail,07/24/2013,Closed with explanation,Yes,No,464155
08-07-2013,Student loan,Non-federal student loan,Getting a loan,Getting a loan,Discover,MA,2067,Web,08-08-2013,Closed with explanation,Yes,No,482552
08-12-2013,Credit card,,Payoff process,,Synchrony Financial,ME,4106,Web,08-12-2013,Closed with monetary relief,Yes,Yes,488169
07/24/2013,Mortgage,Conventional fixed mortgage,"Loan modification,collection,foreclosure",,JPMorgan Chase & Co.,IL,60630,Phone,07/26/2013,Closed with explanation,Yes,No,465325
07/24/2013,Mortgage,Conventional fixed mortgage,"Application, originator, mortgage broker",,Wells Fargo & Company,IL,60461,Web,07/26/2013,Closed with explanation,Yes,Yes,465331
08-07-2013,Credit card,,Customer service / Customer relations,,Barclays PLC,MA,1960,Web,08-07-2013,Closed with non-monetary relief,Yes,No,482563
07/23/2013,Mortgage,Conventional adjustable mortgage (ARM),"Loan modification,collection,foreclosure",,Bank of America,FL,33777,Web,07/25/2013,Closed with explanation,Yes,No,463917
07/24/2013,Debt collection,"Other (i.e. phone, health club, etc.)",Cont'd attempts collect debt not owed,Debt is not mine,"Retrieval-Masters Creditors Bureau, Inc.",OH,45133,Phone,08-07-2013,Closed with explanation,Yes,No,465343
07/23/2013,Credit card,,APR or interest rate,,Discover,NJ,7032,Web,07/23/2013,Closed with explanation,Yes,Yes,479943
08-12-2013,Credit card,,APR or interest rate,,Barclays PLC,NY,11413,Web,08-12-2013,Closed with explanation,Yes,Yes,488194
08-12-2013,Debt collection,Medical,Communication tactics,Used obscene/profane/abusive language,"Expert Global Solutions, Inc.",PA,15212,Phone,08/23/2013,Closed with explanation,Yes,No,488130
07/24/2013,Bank account or service,Checking account,"Account opening, closing, or management",,Bank of America,CA,94402,Web,07/26/2013,Closed with monetary relief,Yes,No,463174
08-07-2013,Credit card,,Billing disputes,,Bank of America,PA,19149,Web,08-07-2013,Closed with monetary relief,Yes,No,493187
08-07-2013,Mortgage,Conventional fixed mortgage,"Loan modification,collection,foreclosure",,"Select Portfolio Servicing, Inc",DE,19954,Web,09/19/2013,Closed with explanation,Yes,No,482579
07/24/2013,Mortgage,Conventional fixed mortgage,"Loan modification,collection,foreclosure",,Specialized Loan Servicing LLC,IL,60630,Phone,07/26/2013,Closed,Yes,No,465326
08-07-2013,Credit card,,Other,,Discover,VA,23111,Referral,08-09-2013,Closed with explanation,Yes,Yes,482561
08-12-2013,Mortgage,Conventional fixed mortgage,"Loan servicing, payments, escrow account",,Nationstar Mortgage,TX,75401,Referral,08/15/2013,Closed with explanation,Yes,Yes,487743
08-12-2013,Credit card,,Billing disputes,,Capital One,MO,63130,Web,08-12-2013,Closed with monetary relief,Yes,Yes,488213
07/23/2013,Mortgage,Conventional fixed mortgage,"Loan servicing, payments, escrow account",,Ocwen,PA,19464,Web,07/25/2013,Closed with explanation,Yes,No,464202
08-07-2013,Mortgage,Other mortgage,"Loan modification,collection,foreclosure",,Citibank,FL,34695,Referral,08-09-2013,Closed with explanation,Yes,No,484877
07/24/2013,Debt collection,"Other (i.e. phone, health club, etc.)",Disclosure verification of debt,Right to dispute notice not received,Stellar Recovery Inc.,FL,33912,Postal mail,08-01-2013,Closed with explanation,Yes,No,465370
07/23/2013,Bank account or service,Checking account,Deposits and withdrawals,,M&T Bank Corporation,DE,19803,Web,07/24/2013,Closed,Yes,No,464204
08-07-2013,Mortgage,Conventional adjustable mortgage (ARM),"Loan modification,collection,foreclosure",,Nationstar Mortgage,MD,21044,Web,08-07-2013,Closed with explanation,Yes,No,482846
08-12-2013,Credit card,,Unsolicited issuance of credit card,,Citibank,FL,33319,Phone,08/13/2013,Closed with non-monetary relief,Yes,No,488217
08-12-2013,Mortgage,Other mortgage,"Loan modification,collection,foreclosure",,EverBank,CA,91724,Referral,08/14/2013,Closed with explanation,Yes,No,488227
08-12-2013,Mortgage,Other mortgage,"Loan modification,collection,foreclosure",,JPMorgan Chase & Co.,MD,21042,Referral,08/14/2013,Closed with explanation,Yes,No,488229
07/23/2013,Mortgage,Conventional fixed mortgage,"Application, originator, mortgage broker",,Bank of America,KY,40022,Web,07/24/2013,Closed with explanation,Yes,No,475517
07/23/2013,Credit card,,Privacy,,Bank of America,ID,83616,Web,07/23/2013,Closed with explanation,Yes,No,464244
08-12-2013,Mortgage,Other mortgage,"Loan modification,collection,foreclosure",,Bank of America,MD,21158,Referral,08/14/2013,Closed with explanation,Yes,No,488235
07/23/2013,Bank account or service,Other bank product/service,Problems caused by my funds being low,,Navy FCU,OH,43204,Phone,07/24/2013,Closed with monetary relief,Yes,No,464248
08-12-2013,Mortgage,Other mortgage,"Loan servicing, payments, escrow account",,JPMorgan Chase & Co.,OH,43232,Referral,08/14/2013,Closed with explanation,Yes,Yes,488239
08-12-2013,Mortgage,Other mortgage,"Loan modification,collection,foreclosure",,Regions Financial Corporation,GA,30114,Referral,08/14/2013,Closed,Yes,No,488615
08-07-2013,Bank account or service,Savings account,Deposits and withdrawals,,JPMorgan Chase & Co.,NY,11226,Phone,08-08-2013,Closed with explanation,Yes,Yes,482852
07/23/2013,Credit card,,Identity theft / Fraud / Embezzlement,,Discover,CA,94114,Web,07/23/2013,Closed with monetary relief,Yes,No,464257
07/23/2013,Debt collection,"Other (i.e. phone, health club, etc.)",Communication tactics,Frequent or repeated calls,"Portfolio Recovery Associates, Inc.",CA,94118,Postal mail,07/31/2013,Closed with non-monetary relief,Yes,No,475993
08-12-2013,Mortgage,Other mortgage,"Loan servicing, payments, escrow account",,Bank of America,NC,27545,Referral,08/14/2013,Closed with explanation,Yes,No,488248
07/23/2013,Credit card,,Other,,Barclays PLC,OR,97034,Web,07/23/2013,Closed with explanation,Yes,Yes,464263
08-12-2013,Mortgage,Other mortgage,"Loan modification,collection,foreclosure",,"SunTrust Banks, Inc.",VA,23462,Referral,08/14/2013,Closed with explanation,Yes,No,488255
07/23/2013,Mortgage,Conventional adjustable mortgage (ARM),"Loan modification,collection,foreclosure",,Capital One,AZ,85746,Web,07/26/2013,Closed with explanation,Yes,No,480723
08-07-2013,Bank account or service,Checking account,Deposits and withdrawals,,PNC Bank N.A.,MD,21842,Phone,08-08-2013,Closed with explanation,Yes,Yes,482857
08-07-2013,Credit card,,Bankruptcy,,Bank of America,CA,95610,Web,08-07-2013,Closed with explanation,Yes,No,498169
08-12-2013,Mortgage,Other mortgage,"Loan modification,collection,foreclosure",,Wells Fargo & Company,MA,1844,Referral,08/14/2013,Closed with explanation,Yes,Yes,488258
08-12-2013,Mortgage,Other mortgage,"Loan modification,collection,foreclosure",,Bank of America,FL,33409,Referral,08/14/2013,Closed with explanation,Yes,No,487177
07/23/2013,Debt collection,"Other (i.e. phone, health club, etc.)",Taking/threatening an illegal action,Threatened arrest/jail if do not pay,"Eisenburg,Whitman and Associates",PA,17098,Web,09-12-2013,Closed with explanation,No,,461730
08-12-2013,Mortgage,Other mortgage,"Loan servicing, payments, escrow account",,JPMorgan Chase & Co.,IL,61362,Referral,08/14/2013,Closed with explanation,Yes,No,488259
07/23/2013,Credit card,,Credit card protection / Debt protection,,Capital One,WA,98003,Web,07/23/2013,Closed with monetary relief,Yes,No,464279
08-12-2013,Mortgage,Other mortgage,"Loan modification,collection,foreclosure",,"SunTrust Banks, Inc.",DC,20024,Referral,08/14/2013,Closed with explanation,Yes,Yes,488267
08-07-2013,Credit reporting,,Incorrect information on credit report,Account status,Experian,OH,45226,Web,08-07-2013,Closed with explanation,Yes,No,487129
08-12-2013,Debt collection,Auto,Cont'd attempts collect debt not owed,Debt is not mine,Navy FCU,MO,65807,Web,09-03-2013,Closed with explanation,Yes,No,488271
07/24/2013,Debt collection,I do not know,Communication tactics,Frequent or repeated calls,Stellar Recovery Inc.,FL,32189,Web,08-01-2013,Closed with explanation,Yes,No,465449
07/24/2013,Mortgage,FHA mortgage,"Application, originator, mortgage broker",,Wells Fargo & Company,IL,60586,Phone,07/29/2013,Closed with explanation,Yes,No,479979
08-07-2013,Mortgage,Conventional adjustable mortgage (ARM),"Loan modification,collection,foreclosure",,Wells Fargo & Company,TN,37215,Web,08-07-2013,Closed with explanation,Yes,Yes,499218
08-12-2013,Debt collection,Credit card,Disclosure verification of debt,Right to dispute notice not received,"Dynamic Recovery Solutions, LLC",LA,70094,Web,08/30/2013,Closed with explanation,Yes,No,488281
08-12-2013,Debt collection,"Other (i.e. phone, health club, etc.)",Cont'd attempts collect debt not owed,Debt is not mine,"Expert Global Solutions, Inc.",KS,67460,Phone,08/14/2013,Closed with explanation,Yes,No,488287
08-12-2013,Mortgage,Conventional fixed mortgage,"Loan servicing, payments, escrow account",,PNC Bank N.A.,MA,2720,Web,08/14/2013,Closed with explanation,Yes,No,486979
07/24/2013,Debt collection,Credit card,Cont'd attempts collect debt not owed,Debt was paid,HSBC North America Holdings Inc.,PA,17814,Web,10/17/2013,Closed with explanation,Yes,No,465469
07/23/2013,Credit reporting,,Credit reporting company's investigation,Problem with statement of dispute,Equifax,PA,19132,Web,07/24/2013,Closed with non-monetary relief,Yes,No,479385
08-12-2013,Bank account or service,Other bank product/service,"Account opening, closing, or management",,Receivables Performance Management LLC,CA,92114,Web,08/14/2013,Closed with explanation,Yes,No,487004
08-12-2013,Mortgage,FHA mortgage,"Loan servicing, payments, escrow account",,M&T Bank Corporation,MA,1835,Web,08/14/2013,Closed with explanation,Yes,No,487298
08-07-2013,Debt collection,Credit card,Communication tactics,Threatened to take legal action,JPMorgan Chase & Co.,NH,3064,Web,11-03-2013,Closed with explanation,Yes,No,484872
08-07-2013,Debt collection,I do not know,Communication tactics,Frequent or repeated calls,"Navient Solutions, Inc.",MA,1089,Phone,08-09-2013,Closed with non-monetary relief,Yes,No,484863
08-07-2013,Debt collection,Mortgage,Cont'd attempts collect debt not owed,Debt was paid,Bank of America,CA,95609,Web,08/14/2013,Closed with explanation,Yes,No,484874
07/23/2013,Debt collection,Credit card,Communication tactics,Frequent or repeated calls,Capital One,TX,78639,Phone,07/31/2013,Closed with explanation,Yes,No,464292
08-12-2013,Mortgage,Conventional adjustable mortgage (ARM),"Loan modification,collection,foreclosure",,Bank of America,MN,55812,Web,08/14/2013,Closed with non-monetary relief,Yes,No,488313
07/23/2013,Bank account or service,Checking account,Deposits and withdrawals,,JPMorgan Chase & Co.,CA,94534,Referral,07/25/2013,Closed with explanation,Yes,Yes,464858
07/23/2013,Bank account or service,Checking account,"Account opening, closing, or management",,PNC Bank N.A.,PA,17101,Referral,07/25/2013,Closed with explanation,Yes,No,464938
08/13/2013,Debt collection,Credit card,Cont'd attempts collect debt not owed,Debt was paid,Encore Capital Group,AZ,85354,Web,04/22/2014,Closed with explanation,Yes,No,488671
07/23/2013,Mortgage,Other mortgage,"Loan servicing, payments, escrow account",,"Caliber Home Loans, Inc",CA,92887,Referral,07/25/2013,Closed with explanation,Yes,No,464874
07/24/2013,Debt collection,I do not know,Communication tactics,Frequent or repeated calls,"Vital Solutions, Inc.",KY,40013,Phone,08-01-2013,Closed with non-monetary relief,Yes,No,465502
07/24/2013,Mortgage,Conventional fixed mortgage,"Loan modification,collection,foreclosure",,Ditech Financial LLC,IL,60657,Web,07/26/2013,Closed with explanation,Yes,No,465510
08/13/2013,Mortgage,Conventional fixed mortgage,Settlement process and costs,,Bank of America,SC,29566,Web,08/14/2013,Closed with explanation,Yes,Yes,488673
08-07-2013,Debt collection,"Other (i.e. phone, health club, etc.)",Cont'd attempts collect debt not owed,Debt is not mine,"CCS Financial Services, Inc.",TX,77040,Referral,01-08-2014,Closed with non-monetary relief,Yes,No,482870
07/24/2013,Student loan,Non-federal student loan,Problems when you are unable to pay,Problems when you are unable to pay,Citibank,PA,19147,Web,07/25/2013,Closed with explanation,Yes,No,465515
07/24/2013,Bank account or service,Checking account,"Account opening, closing, or management",,Wells Fargo & Company,CA,92651,Web,07/24/2013,Closed with explanation,Yes,No,463657
08/13/2013,Credit reporting,,Incorrect information on credit report,Public record,Experian,NY,11729,Web,08/14/2013,Closed with explanation,Yes,Yes,488646
08-07-2013,Debt collection,"Other (i.e. phone, health club, etc.)",Cont'd attempts collect debt not owed,Debt was paid,"Northland Group, Inc.",GA,30642,Phone,08-09-2013,Closed with explanation,Yes,No,484869
07/24/2013,Mortgage,Other mortgage,"Loan modification,collection,foreclosure",,LCS Financial Corporation,CA,92374,Referral,08/29/2013,Closed with explanation,Yes,No,465522
08/13/2013,Credit reporting,,Credit reporting company's investigation,Problem with statement of dispute,Experian,NJ,7305,Web,08-12-2013,Closed with non-monetary relief,Yes,No,488680
08/13/2013,Debt collection,Medical,Cont'd attempts collect debt not owed,Debt is not mine,"Sherloq Group, Inc",FL,34222,Web,08/30/2013,Closed with non-monetary relief,Yes,No,488685
08/13/2013,Student loan,Non-federal student loan,Repaying your loan,Repaying your loan,"Navient Solutions, Inc.",LA,70815,Web,08/13/2013,Closed with non-monetary relief,Yes,Yes,491286
07/23/2013,Mortgage,Conventional fixed mortgage,"Loan modification,collection,foreclosure",,Wells Fargo & Company,KS,67002,Web,07/24/2013,Closed with explanation,Yes,No,464367
07/23/2013,Credit reporting,,Incorrect information on credit report,Information is not mine,Equifax,MA,1602,Web,07/23/2013,Closed with non-monetary relief,Yes,Yes,476022
08-07-2013,Mortgage,Other mortgage,"Loan modification,collection,foreclosure",,Bank of America,AZ,85613,Web,08-09-2013,Closed with explanation,Yes,No,484886
08-07-2013,Mortgage,Other mortgage,"Loan modification,collection,foreclosure",,Ditech Financial LLC,MI,48331,Web,08-09-2013,Closed with explanation,Yes,Yes,484888
07/23/2013,Credit card,,Delinquent account,,Army and Air Force Exchange Service,NC,28532,Web,07/23/2013,Closed with explanation,Yes,No,464383
07/23/2013,Mortgage,FHA mortgage,Settlement process and costs,,Quicken Loans,RI,2914,Web,07/24/2013,Closed with explanation,Yes,No,464385
08/13/2013,Student loan,Non-federal student loan,Repaying your loan,Repaying your loan,"Navient Solutions, Inc.",NY,11236,Web,08/14/2013,Closed with explanation,Yes,No,491428
08/13/2013,Mortgage,FHA mortgage,"Loan modification,collection,foreclosure",,Bank of America,OR,97048,Web,08/14/2013,Closed with explanation,Yes,No,489053
08-07-2013,Credit card,,Credit card protection / Debt protection,,JPMorgan Chase & Co.,WV,25840,Phone,08-09-2013,Closed with explanation,Yes,No,482883
08-07-2013,Student loan,Non-federal student loan,Repaying your loan,Repaying your loan,Primary Financial Services L.L.C.,SC,29708,Web,08-08-2013,Closed with explanation,Yes,Yes,482876
08-07-2013,Debt collection,I do not know,Cont'd attempts collect debt not owed,Debt is not mine,Commercial Recovery Systems,TX,77573,Web,08-07-2013,Closed,Yes,No,484838
07/24/2013,Bank account or service,Checking account,"Account opening, closing, or management",,Bank of America,TX,78737,Web,07/26/2013,Closed with monetary relief,Yes,No,465563
07/23/2013,Debt collection,Auto,Disclosure verification of debt,Not given enough info to verify debt,"Retrieval-Masters Creditors Bureau, Inc.",NY,11206,Phone,07/31/2013,Closed,Yes,No,464406
07/23/2013,Bank account or service,Checking account,Problems caused by my funds being low,,Santander Bank US,MA,1545,Referral,07/25/2013,Closed,Yes,No,465039
08/13/2013,Bank account or service,Checking account,"Account opening, closing, or management",,Bank of America,CA,91206,Web,08/14/2013,Closed with explanation,Yes,Yes,491296
07/24/2013,Credit card,,Unsolicited issuance of credit card,,Wells Fargo & Company,WA,98444,Referral,07/29/2013,Closed with explanation,Yes,No,466063
07/24/2013,Mortgage,Other mortgage,"Loan servicing, payments, escrow account",,Ocwen,PA,15057,Referral,07/29/2013,Closed with explanation,Yes,No,466089
08/13/2013,Mortgage,Other mortgage,"Loan servicing, payments, escrow account",,BMO Harris,AZ,85297,Referral,08/14/2013,Closed with explanation,Yes,No,491764
07/24/2013,Mortgage,FHA mortgage,"Loan modification,collection,foreclosure",,Bank of America,TN,38351,Phone,07/26/2013,Closed with explanation,Yes,Yes,462649
08/13/2013,Debt collection,I do not know,Disclosure verification of debt,Right to dispute notice not received,"Franklin Collection Service, Inc.",AL,35068,Web,08/13/2013,Closed with explanation,Yes,No,491437
08-07-2013,Mortgage,Other mortgage,"Loan modification,collection,foreclosure",,Bank of America,VA,23236,Phone,08-09-2013,Closed with explanation,Yes,No,484896
08/13/2013,Bank account or service,Other bank product/service,Deposits and withdrawals,,Wells Fargo & Company,CA,94704,Fax,08/15/2013,Closed with explanation,Yes,No,489061
08/13/2013,Credit reporting,,Incorrect information on credit report,Public record,Experian,TN,37411,Web,08/13/2013,Closed with non-monetary relief,Yes,No,493243
08-07-2013,Bank account or service,Checking account,Deposits and withdrawals,,BB&T Financial,GA,30009,Phone,08-08-2013,Closed with explanation,Yes,Yes,482892
08-07-2013,Mortgage,Conventional fixed mortgage,"Loan modification,collection,foreclosure",,Ditech Financial LLC,VA,22408,Web,08-09-2013,Closed with explanation,Yes,No,486603
08-07-2013,Mortgage,Conventional fixed mortgage,"Loan modification,collection,foreclosure",,Bank of America,RI,2864,Web,08-09-2013,Closed with explanation,Yes,No,484881
08-07-2013,Bank account or service,Checking account,"Account opening, closing, or management",,Bank of America,FL,33472,Phone,08-12-2013,Closed with explanation,Yes,No,482894
08-07-2013,Mortgage,FHA mortgage,"Loan servicing, payments, escrow account",,Bank of America,GA,30337,Web,08-09-2013,Closed with explanation,Yes,No,484902
07/24/2013,Credit card,,Billing disputes,,Citibank,MN,55106,Postal mail,07/29/2013,Closed with explanation,Yes,Yes,461373
08-07-2013,Credit reporting,,Unable to get credit report/credit score,Problem getting my free annual report,Equifax,PA,16226,Web,08-07-2013,Closed with explanation,Yes,Yes,482868
07/24/2013,Mortgage,Conventional fixed mortgage,"Loan servicing, payments, escrow account",,Wells Fargo & Company,NY,11770,Web,07/26/2013,Closed with explanation,Yes,No,465600
07/23/2013,Credit reporting,,Incorrect information on credit report,Account status,Equifax,GA,30349,Web,07/23/2013,Closed with non-monetary relief,Yes,Yes,464453
08-07-2013,Mortgage,Conventional fixed mortgage,"Loan servicing, payments, escrow account",,Bank of America,CT,6108,Web,08-09-2013,Closed with non-monetary relief,Yes,No,484907
07/24/2013,Consumer Loan,Vehicle loan,Managing the loan or lease,,Capital One,NY,14612,Phone,07/26/2013,Closed with explanation,Yes,No,465616
08-07-2013,Mortgage,Conventional fixed mortgage,"Loan modification,collection,foreclosure",,Bank of America,GA,30039,Phone,08/26/2013,Closed with explanation,Yes,No,501167
08/13/2013,Mortgage,Conventional fixed mortgage,"Loan modification,collection,foreclosure",,Ocwen,MI,48906,Web,08/14/2013,Closed with explanation,Yes,Yes,489072
08-07-2013,Debt collection,Mortgage,Disclosure verification of debt,Not given enough info to verify debt,Ocwen,MI,49512,Web,08-09-2013,Closed with explanation,Yes,No,484911
08-07-2013,Bank account or service,Checking account,"Account opening, closing, or management",,Wells Fargo & Company,TX,78681,Postal mail,08-08-2013,Closed with explanation,Yes,No,482786
08/13/2013,Mortgage,Other mortgage,"Loan modification,collection,foreclosure",,Bank of America,CA,91724,Referral,08/14/2013,Closed with explanation,Yes,No,491465
08-07-2013,Mortgage,Other mortgage,"Loan modification,collection,foreclosure",,Wells Fargo & Company,UT,84118,Referral,08-09-2013,Closed with explanation,Yes,No,484914
08-07-2013,Credit card,,Billing statement,,U.S. Bancorp,CA,94566,Referral,08-08-2013,Closed with monetary relief,Yes,Yes,482900
07/23/2013,Bank account or service,(CD) Certificate of deposit,Deposits and withdrawals,,Citibank,AZ,85226,Phone,07/24/2013,Closed with explanation,Yes,Yes,463240
08-07-2013,Mortgage,Other mortgage,"Loan modification,collection,foreclosure",,JPMorgan Chase & Co.,NJ,8110,Referral,08-09-2013,Closed with explanation,Yes,No,484920
08-07-2013,Bank account or service,Checking account,Deposits and withdrawals,,JPMorgan Chase & Co.,AZ,85607,Referral,08-08-2013,Closed with explanation,Yes,Yes,482902
07/24/2013,Mortgage,Conventional adjustable mortgage (ARM),Settlement process and costs,,Bank of America,NC,28226,Web,07/26/2013,Closed with explanation,Yes,No,465649
08/13/2013,Mortgage,Other mortgage,"Loan modification,collection,foreclosure",,Citibank,MD,21795,Referral,08/16/2013,Closed with explanation,Yes,No,493245
08-07-2013,Credit card,,Billing disputes,,Citibank,TX,78155,Referral,08-08-2013,Closed with explanation,Yes,Yes,482904
08-07-2013,Bank account or service,Checking account,Problems caused by my funds being low,,BB&T Financial,GA,30736,Referral,08-08-2013,Closed with explanation,Yes,Yes,482906
08/13/2013,Mortgage,Other mortgage,"Loan servicing, payments, escrow account",,JPMorgan Chase & Co.,FL,33309,Referral,08/14/2013,Closed with explanation,Yes,No,491475
08-07-2013,Mortgage,Other mortgage,"Loan servicing, payments, escrow account",,Fifth Third Financial Corporation,FL,33966,Referral,08-09-2013,Closed with explanation,Yes,No,484931
08-07-2013,Mortgage,Other mortgage,"Loan modification,collection,foreclosure",,Bank of America,GA,30041,Referral,08-09-2013,Closed with explanation,Yes,Yes,482909
07/23/2013,Mortgage,Home equity loan or line of credit,"Loan modification,collection,foreclosure",,BBVA Compass,FL,32233,Web,07/24/2013,Closed with monetary relief,Yes,No,464531
08-07-2013,Consumer Loan,Vehicle loan,Managing the loan or lease,,Santander Consumer USA Holdings Inc,CA,90746,Web,08-08-2013,Closed with explanation,Yes,No,482914
08-07-2013,Debt collection,"Other (i.e. phone, health club, etc.)",Cont'd attempts collect debt not owed,Debt is not mine,ERC,MO,63119,Phone,09/30/2013,Closed with non-monetary relief,Yes,No,484878
08/13/2013,Bank account or service,Checking account,Deposits and withdrawals,,PNC Bank N.A.,PA,19460,Phone,08/15/2013,Closed with explanation,Yes,No,489099
08-07-2013,Credit reporting,,Incorrect information on credit report,Account status,Experian,NJ,7724,Web,08-07-2013,Closed with explanation,Yes,No,487131
08-07-2013,Consumer Loan,Vehicle loan,Managing the loan or lease,,"Westlake Services, LLC",TX,75070,Web,08-08-2013,Closed with explanation,Yes,Yes,484782
08/13/2013,Bank account or service,(CD) Certificate of deposit,"Account opening, closing, or management",,BMO Harris,WI,53225,Postal mail,08/15/2013,Closed with explanation,Yes,No,489109
08/13/2013,Credit reporting,,Unable to get credit report/credit score,Problem getting report or credit score,"TransUnion Intermediate Holdings, Inc.",NY,10989,Web,08/15/2013,Closed with explanation,Yes,No,488991
08/13/2013,Mortgage,Conventional fixed mortgage,"Loan servicing, payments, escrow account",,Capital One,LA,70816,Web,08/13/2013,Closed with explanation,Yes,No,491498
08/13/2013,Mortgage,Other mortgage,"Loan servicing, payments, escrow account",,BMO Harris,IL,60041,Postal mail,08/15/2013,Closed with explanation,Yes,No,489105
07/24/2013,Mortgage,Conventional fixed mortgage,"Loan servicing, payments, escrow account",,Bank of America,NY,11101,Web,07/25/2013,Closed with explanation,Yes,No,469486
07/23/2013,Mortgage,Conventional fixed mortgage,"Loan servicing, payments, escrow account",,BMO Harris,WI,54971,Phone,07/24/2013,Closed with explanation,Yes,No,464578
08/13/2013,Credit reporting,,Credit reporting company's investigation,Problem with statement of dispute,Experian,OH,43055,Referral,08/13/2013,Closed with non-monetary relief,Yes,No,491382
08/13/2013,Bank account or service,Checking account,Problems caused by my funds being low,,BBVA Compass,TX,78748,Web,08/15/2013,Closed with explanation,Yes,Yes,489119
08/13/2013,Bank account or service,Other bank product/service,"Making/receiving payments, sending money",,FirstMerit Bank,MI,48446,Phone,08/15/2013,Closed with explanation,No,No,489122
07/23/2013,Debt collection,I do not know,Disclosure verification of debt,Not given enough info to verify debt,"Portfolio Recovery Associates, Inc.",,,Phone,07/31/2013,Closed with non-monetary relief,Yes,No,464529
07/24/2013,Mortgage,FHA mortgage,"Loan modification,collection,foreclosure",,Wells Fargo & Company,NC,27360,Web,07/25/2013,Closed with explanation,Yes,No,465735
08-07-2013,Mortgage,Other mortgage,"Loan modification,collection,foreclosure",,Wells Fargo & Company,CA,94503,Web,08-07-2013,Closed with explanation,Yes,Yes,482927
07/24/2013,Mortgage,Conventional fixed mortgage,Settlement process and costs,,U.S. Bancorp,IL,61920,Web,07/25/2013,Closed with non-monetary relief,Yes,No,465740
08-07-2013,Mortgage,Conventional adjustable mortgage (ARM),Settlement process and costs,,JPMorgan Chase & Co.,NY,11201,Web,08-07-2013,Closed with explanation,Yes,Yes,496684
07/24/2013,Bank account or service,Checking account,Deposits and withdrawals,,Bank of America,MO,63130,Web,07/26/2013,Closed with monetary relief,Yes,No,465746
08-07-2013,Mortgage,Home equity loan or line of credit,"Loan modification,collection,foreclosure",,Wells Fargo & Company,NY,10307,Web,08-07-2013,Closed with explanation,Yes,No,484956
08-07-2013,Debt collection,"Other (i.e. phone, health club, etc.)",False statements or representation,Indicated committed crime not paying,Hyperion Recovery LLC,MD,20879,Web,10/24/2013,Closed with monetary relief,Yes,No,484953
07/23/2013,Bank account or service,Checking account,"Account opening, closing, or management",,PNC Bank N.A.,PA,18466,Web,07/24/2013,Closed with monetary relief,Yes,No,464613
07/24/2013,Credit card,,Unsolicited issuance of credit card,,Amex,TN,38016,Web,07/24/2013,Closed with explanation,Yes,No,465756
08-07-2013,Mortgage,FHA mortgage,"Loan modification,collection,foreclosure",,JPMorgan Chase & Co.,TX,78641,Phone,08-07-2013,Closed with explanation,Yes,Yes,496685
08/13/2013,Mortgage,Home equity loan or line of credit,"Loan servicing, payments, escrow account",,HSBC North America Holdings Inc.,PA,17324,Web,08/13/2013,Closed with explanation,Yes,No,491525
07/23/2013,Bank account or service,Checking account,"Account opening, closing, or management",,M&T Bank Corporation,NY,14609,Phone,07/24/2013,Closed,Yes,Yes,474854
08-07-2013,Mortgage,Conventional adjustable mortgage (ARM),"Loan modification,collection,foreclosure",,Wells Fargo & Company,WA,98065,Web,08-07-2013,Closed with explanation,Yes,Yes,499228
08-07-2013,Bank account or service,Checking account,"Making/receiving payments, sending money",,Regions Financial Corporation,TN,38122,Phone,08-08-2013,Closed,Yes,Yes,482934
08/13/2013,Mortgage,Conventional fixed mortgage,"Loan modification,collection,foreclosure",,Ocwen,FL,10981,Web,08/13/2013,Closed with explanation,Yes,No,491538
07/23/2013,Credit reporting,,Credit reporting company's investigation,Investigation took too long,Equifax,KS,66210,Web,07/23/2013,Closed with non-monetary relief,Yes,No,475665
08/13/2013,Debt collection,Credit card,Cont'd attempts collect debt not owed,Debt was discharged in bankruptcy,Bank of America,CA,91978,Web,08/13/2013,Closed with explanation,Yes,No,489138
08-07-2013,Mortgage,Conventional fixed mortgage,"Loan servicing, payments, escrow account",,Bank of America,FL,33881,Web,08-07-2013,Closed with explanation,Yes,Yes,482935
08-07-2013,Credit card,,APR or interest rate,,Citibank,MO,63316,Phone,08-08-2013,Closed with explanation,Yes,Yes,482936
08/13/2013,Credit reporting,,Incorrect information on credit report,Account status,Equifax,WA,98109,Postal mail,09-03-2013,Closed with explanation,Yes,No,490915
08/13/2013,Mortgage,Conventional fixed mortgage,"Loan modification,collection,foreclosure",,JPMorgan Chase & Co.,MO,63129,Web,08/14/2013,Closed with explanation,Yes,Yes,491547
07/24/2013,Mortgage,Reverse mortgage,"Loan servicing, payments, escrow account",,Wells Fargo & Company,MO,63105,Web,07/25/2013,Closed with explanation,Yes,Yes,465790
07/24/2013,Mortgage,Conventional fixed mortgage,"Loan modification,collection,foreclosure",,Ditech Financial LLC,TX,76053,Web,07/25/2013,Closed with explanation,Yes,No,465793
08/13/2013,Credit card,,Billing disputes,,Discover,MI,48223,Phone,08/15/2013,Closed with explanation,Yes,Yes,491186
08-07-2013,Student loan,Non-federal student loan,Repaying your loan,Repaying your loan,"Navient Solutions, Inc.",DE,19801,Web,08-08-2013,Closed with non-monetary relief,Yes,Yes,482938
08/13/2013,Credit card,,Other,,JPMorgan Chase & Co.,CA,91978,Web,08/13/2013,Closed with explanation,Yes,No,491541
07/23/2013,Mortgage,Conventional fixed mortgage,"Loan modification,collection,foreclosure",,Selene Finance,CA,90008,Web,07/24/2013,Closed with explanation,Yes,No,464663
08-07-2013,Mortgage,Conventional fixed mortgage,"Loan modification,collection,foreclosure",,Citibank,OH,45223,Phone,08-09-2013,Closed with explanation,Yes,No,484966
07/24/2013,Debt collection,Auto,Improper contact or sharing of info,Talked to a third party about my debt,Santander Consumer USA Holdings Inc,VA,22204,Web,07/24/2013,Closed with explanation,Yes,Yes,465808
08/13/2013,Bank account or service,Checking account,Deposits and withdrawals,,Bank of America,FL,34992,Phone,08/13/2013,Closed with non-monetary relief,Yes,Yes,491553
08-07-2013,Debt collection,Auto,Cont'd attempts collect debt not owed,Debt is not mine,Nations Recovery Center,ID,46619,Phone,08/23/2013,Closed with explanation,Yes,No,484942
08-07-2013,Bank account or service,Checking account,Deposits and withdrawals,,Fifth Third Financial Corporation,IL,60655,Referral,08-08-2013,Closed with monetary relief,Yes,No,482986
07/23/2013,Mortgage,Conventional fixed mortgage,"Loan modification,collection,foreclosure",,JPMorgan Chase & Co.,TX,78101,Phone,07/24/2013,Closed with explanation,Yes,No,464468
08-07-2013,Mortgage,Other mortgage,"Loan modification,collection,foreclosure",,Residential Credit Solutions,OR,97216,Referral,08-09-2013,Closed with explanation,Yes,No,482983
07/24/2013,Debt collection,Mortgage,Cont'd attempts collect debt not owed,Debt was paid,U.S. Bancorp,CO,81413,Web,07/24/2013,Closed with explanation,Yes,No,465831
07/24/2013,Bank account or service,Checking account,"Account opening, closing, or management",,JPMorgan Chase & Co.,NJ,7073,Referral,07/29/2013,Closed with explanation,Yes,Yes,465832
07/24/2013,Mortgage,Other mortgage,"Loan modification,collection,foreclosure",,Wells Fargo & Company,CA,94534,Referral,07/26/2013,Closed with explanation,Yes,Yes,465834
07/24/2013,Mortgage,Other mortgage,"Loan servicing, payments, escrow account",,Wells Fargo & Company,WA,98026,Referral,07/26/2013,Closed with explanation,Yes,Yes,479452
08-07-2013,Credit reporting,,Unable to get credit report/credit score,Problem getting report or credit score,Equifax,,,Phone,12/19/2013,Closed with non-monetary relief,Yes,No,482947
08/13/2013,Mortgage,Conventional fixed mortgage,Settlement process and costs,,JPMorgan Chase & Co.,PA,19363,Phone,08/19/2013,Closed with explanation,Yes,No,491572
07/24/2013,Mortgage,Other mortgage,"Loan modification,collection,foreclosure",,Nationstar Mortgage,CA,93422,Referral,08-05-2013,Closed with explanation,Yes,Yes,466291
07/23/2013,Mortgage,Conventional fixed mortgage,"Application, originator, mortgage broker",,Wells Fargo & Company,FL,33437,Web,07/24/2013,Closed with explanation,Yes,No,464698
07/23/2013,Mortgage,Other mortgage,"Loan modification,collection,foreclosure",,Wells Fargo & Company,CA,90706,Referral,07/25/2013,Closed with explanation,Yes,Yes,455806
07/23/2013,Mortgage,Other mortgage,"Loan modification,collection,foreclosure",,Wells Fargo & Company,FL,33173,Referral,07/25/2013,Closed with explanation,Yes,No,475076
07/24/2013,Mortgage,Other mortgage,"Loan servicing, payments, escrow account",,Bank of America,CA,95316,Referral,07/29/2013,Closed with explanation,Yes,No,465843
07/23/2013,Mortgage,Conventional fixed mortgage,"Loan modification,collection,foreclosure",,Wells Fargo & Company,AZ,85122,Web,07/25/2013,Closed with explanation,Yes,Yes,464705
08-07-2013,Credit card,,Credit card protection / Debt protection,,Capital One,CA,91360,Web,08-07-2013,Closed with monetary relief,Yes,No,499033
07/24/2013,Mortgage,Other mortgage,"Loan modification,collection,foreclosure",,Nationstar Mortgage,CA,92804,Referral,07/26/2013,Closed with explanation,Yes,No,465849
07/24/2013,Mortgage,Other mortgage,"Loan modification,collection,foreclosure",,Nationstar Mortgage,CA,91024,Referral,07/26/2013,Closed with explanation,Yes,No,471477
07/23/2013,Debt collection,"Other (i.e. phone, health club, etc.)",Disclosure verification of debt,Not given enough info to verify debt,"Southwest Recovery Services, Inc.",TX,75243,Web,08-12-2013,Closed with explanation,Yes,Yes,475544
08-07-2013,Credit card,,Closing/Cancelling account,,Citibank,TX,75137,Web,08-08-2013,Closed with monetary relief,Yes,No,484233
07/25/2013,Bank account or service,(CD) Certificate of deposit,Deposits and withdrawals,,Bank of America,MA,2472,Web,07/26/2013,Closed with explanation,Yes,No,465962
07/24/2013,Mortgage,Other mortgage,"Loan modification,collection,foreclosure",,"Citizens Financial Group, Inc.",NY,12144,Referral,07/26/2013,Closed with non-monetary relief,Yes,Yes,475990
07/24/2013,Mortgage,Other mortgage,"Loan modification,collection,foreclosure",,Nationstar Mortgage,AZ,85209,Referral,07/26/2013,Closed with explanation,Yes,No,466674
08-07-2013,Debt collection,I do not know,Communication tactics,Frequent or repeated calls,"Portfolio Recovery Associates, Inc.",CA,92120,Phone,08-12-2013,Closed with non-monetary relief,Yes,No,484976
07/24/2013,Credit card,,Billing disputes,,Wells Fargo & Company,OH,44107,Referral,07/26/2013,Closed with monetary relief,Yes,No,465857
07/24/2013,Mortgage,Other mortgage,"Application, originator, mortgage broker",,Citibank,NY,10010,Referral,07/26/2013,Closed with monetary relief,Yes,No,465859
07/24/2013,Bank account or service,Checking account,"Account opening, closing, or management",,The Huntington National Bank,OH,43223,Referral,07/26/2013,Closed with explanation,Yes,No,465862
08-07-2013,Debt collection,I do not know,Cont'd attempts collect debt not owed,Debt is not mine,Synchrony Financial,AL,36695,Phone,08-12-2013,Closed with explanation,Yes,Yes,484977
07/24/2013,Bank account or service,Checking account,"Account opening, closing, or management",,Union Bank,CA,92333,Referral,07/26/2013,Closed with explanation,Yes,No,465868
08-07-2013,Bank account or service,Other bank product/service,"Account opening, closing, or management",,Wells Fargo & Company,CA,94901,Referral,08-09-2013,Closed with explanation,Yes,No,483016
08-07-2013,Bank account or service,Checking account,"Account opening, closing, or management",,Capital One,TX,78245,Referral,08-08-2013,Closed with explanation,Yes,Yes,483006
08-07-2013,Mortgage,Conventional fixed mortgage,"Loan modification,collection,foreclosure",,Bank of America,WA,98118,Web,08-09-2013,Closed with non-monetary relief,Yes,No,484975
07/24/2013,Debt collection,Mortgage,Communication tactics,Used obscene/profane/abusive language,Ditech Financial LLC,SC,29485,Web,07/23/2013,Closed with explanation,Yes,No,480358
07/24/2013,Credit reporting,,Incorrect information on credit report,Account status,"TransUnion Intermediate Holdings, Inc.",IL,60441,Web,07/24/2013,Closed with non-monetary relief,Yes,No,465895
07/24/2013,Credit card,,Identity theft / Fraud / Embezzlement,,Citibank,CA,92804,Web,07/25/2013,Closed with monetary relief,Yes,No,464764
07/24/2013,Debt collection,Credit card,False statements or representation,Attempted to collect wrong amount,U.S. Bancorp,CA,91423,Web,07/23/2013,Closed with explanation,Yes,Yes,464720
07/24/2013,Credit reporting,,Credit reporting company's investigation,Problem with statement of dispute,"TransUnion Intermediate Holdings, Inc.",TX,77085,Web,07/23/2013,Closed with explanation,Yes,No,463555
08/13/2013,Debt collection,I do not know,Cont'd attempts collect debt not owed,Debt is not mine,Citibank,TN,37411,Web,08/13/2013,Closed with explanation,Yes,No,491439
07/25/2013,Mortgage,Conventional adjustable mortgage (ARM),"Loan servicing, payments, escrow account",,Bank of America,CA,94116,Web,07/25/2013,Closed with explanation,Yes,Yes,465918
07/24/2013,Bank account or service,Checking account,"Account opening, closing, or management",,Wells Fargo & Company,GA,31210,Referral,07/25/2013,Closed with explanation,Yes,No,464973
08/13/2013,Bank account or service,(CD) Certificate of deposit,"Account opening, closing, or management",,Wells Fargo & Company,NY,10471,Phone,08/15/2013,Closed with explanation,Yes,No,489177
07/25/2013,Debt collection,Auto,Improper contact or sharing of info,Talked to a third party about my debt,"Westlake Services, LLC",TN,38106,Web,07/24/2013,Closed with explanation,Yes,Yes,465921
07/24/2013,Debt collection,I do not know,Cont'd attempts collect debt not owed,Debt is not mine,"Credit Systems International, Inc.",TX,79912,Web,07/31/2013,Closed with explanation,Yes,No,464792
07/24/2013,Credit reporting,,Incorrect information on credit report,Information is not mine,Experian,NY,10021,Web,07/26/2013,Closed with explanation,Yes,Yes,464793
08/13/2013,Debt collection,Credit card,Cont'd attempts collect debt not owed,Debt resulted from identity theft,Discover,CA,90026,Phone,08/21/2013,Closed with explanation,Yes,No,489163
07/25/2013,Bank account or service,Checking account,"Account opening, closing, or management",,Wells Fargo & Company,TN,38125,Web,07/26/2013,Closed with non-monetary relief,Yes,Yes,475005
07/24/2013,Credit reporting,,Incorrect information on credit report,Account status,"TransUnion Intermediate Holdings, Inc.",CA,92610,Web,07/24/2013,Closed with explanation,Yes,No,464799
07/24/2013,Credit reporting,,Incorrect information on credit report,Personal information,Experian,FL,32314,Web,07/24/2013,Closed with non-monetary relief,Yes,Yes,464800
07/24/2013,Consumer Loan,Installment loan,Managing the loan or lease,,Santander Consumer USA Holdings Inc,NE,68123,Web,07/24/2013,Closed with explanation,Yes,Yes,462896
07/24/2013,Bank account or service,Checking account,Problems caused by my funds being low,,JPMorgan Chase & Co.,TX,77065,Web,07/24/2013,Closed with explanation,Yes,No,464803
08-07-2013,Mortgage,Other mortgage,"Loan modification,collection,foreclosure",,JPMorgan Chase & Co.,MI,49057,Web,08-09-2013,Closed with explanation,Yes,Yes,484962
07/24/2013,Debt collection,Credit card,Disclosure verification of debt,Not given enough info to verify debt,Synchrony Financial,NE,68132,Web,07/24/2013,Closed with monetary relief,Yes,No,464811
07/25/2013,Student loan,Non-federal student loan,Problems when you are unable to pay,Problems when you are unable to pay,"SIMM Associates, Inc.",PA,15237,Web,07/26/2013,Closed with explanation,Yes,Yes,475198
07/25/2013,Mortgage,Home equity loan or line of credit,"Loan servicing, payments, escrow account",,CIT Bank National Association,GA,30342,Web,07/25/2013,Closed with explanation,Yes,No,465934
07/25/2013,Mortgage,Conventional fixed mortgage,"Loan servicing, payments, escrow account",,Ditech Financial LLC,IL,60045,Web,07/25/2013,Closed with explanation,Yes,No,465935
07/24/2013,Mortgage,Conventional adjustable mortgage (ARM),"Loan modification,collection,foreclosure",,CIT Bank National Association,FL,33403,Web,07/24/2013,Closed with non-monetary relief,Yes,No,475499
07/24/2013,Mortgage,Conventional adjustable mortgage (ARM),"Loan servicing, payments, escrow account",,Ditech Financial LLC,NC,27040,Web,07/25/2013,Closed with explanation,Yes,No,464813
08-07-2013,Mortgage,Other mortgage,"Loan modification,collection,foreclosure",,"Caliber Home Loans, Inc",NJ,7652,Referral,08-09-2013,Closed with explanation,Yes,No,482903
08-07-2013,Mortgage,FHA mortgage,Settlement process and costs,,Wells Fargo & Company,AL,35662,Web,08-09-2013,Closed with explanation,Yes,No,484994
08/13/2013,Credit reporting,,Incorrect information on credit report,Account status,"TransUnion Intermediate Holdings, Inc.",MI,45226,Web,08/13/2013,Closed with explanation,Yes,No,491368
07/25/2013,Credit reporting,,Incorrect information on credit report,Account status,Experian,NJ,7044,Web,08-05-2013,Closed with explanation,Yes,No,469938
07/25/2013,Student loan,Non-federal student loan,Repaying your loan,Repaying your loan,Sallie Mae,MD,20772,Web,07/25/2013,Closed with non-monetary relief,Yes,No,465943
07/25/2013,Mortgage,Conventional fixed mortgage,"Loan servicing, payments, escrow account",,Ditech Financial LLC,RI,2919,Web,07/25/2013,Closed with explanation,Yes,No,465944
08/13/2013,Debt collection,"Other (i.e. phone, health club, etc.)",Cont'd attempts collect debt not owed,Debt is not mine,"North Shore Agency, LLC",PA,16101,Phone,09-11-2013,Closed with explanation,Yes,Yes,489185
08-07-2013,Credit card,,Closing/Cancelling account,,Capital One,PA,18324,Phone,08-08-2013,Closed with monetary relief,Yes,No,484201
08/13/2013,Debt collection,"Other (i.e. phone, health club, etc.)",Communication tactics,Frequent or repeated calls,"CashCall, Inc.",OH,43615,Phone,08/30/2013,Closed with explanation,Yes,No,491634
08-07-2013,Mortgage,Conventional fixed mortgage,"Application, originator, mortgage broker",,HSBC North America Holdings Inc.,NY,10027,Web,08-09-2013,Closed with explanation,Yes,Yes,484933
07/25/2013,Student loan,Non-federal student loan,Problems when you are unable to pay,Problems when you are unable to pay,"Navient Solutions, Inc.",AR,72034,Web,07/25/2013,Closed with explanation,Yes,No,465952
08-07-2013,Bank account or service,Checking account,Deposits and withdrawals,,Bank of America,NC,27106,Referral,08-09-2013,Closed with monetary relief,Yes,No,483044
07/24/2013,Credit reporting,,Incorrect information on credit report,Information is not mine,Equifax,GA,30324,Web,07/31/2013,Closed with explanation,Yes,No,461581
07/24/2013,Bank account or service,Checking account,"Account opening, closing, or management",,PNC Bank N.A.,PA,15201,Referral,07/25/2013,Closed with monetary relief,Yes,No,475395
07/25/2013,Credit card,,Other,,Citibank,AL,36116,Web,07/24/2013,Closed with explanation,Yes,Yes,465957
07/24/2013,Mortgage,Other mortgage,"Loan modification,collection,foreclosure",,"Select Portfolio Servicing, Inc",CA,95746,Postal mail,07/25/2013,Closed with explanation,Yes,No,464836
08/13/2013,Bank account or service,Checking account,Deposits and withdrawals,,Wells Fargo & Company,PA,19103,Phone,08/14/2013,Closed with explanation,Yes,No,491670
08/13/2013,Mortgage,Conventional adjustable mortgage (ARM),"Loan modification,collection,foreclosure",,Ocwen,CA,92311,Web,08/14/2013,Closed with explanation,Yes,No,491671
08-01-2013,Credit card,,Billing disputes,,Citibank,NE,68164,Postal mail,08-05-2013,Closed with explanation,Yes,No,480574
07/25/2013,Credit reporting,,Incorrect information on credit report,Account status,Equifax,FL,33065,Web,07/25/2013,Closed with non-monetary relief,Yes,No,465970
07/24/2013,Credit card,,Transaction issue,,JPMorgan Chase & Co.,NY,10001,Referral,07/25/2013,Closed with non-monetary relief,Yes,No,464987
07/24/2013,Bank account or service,Checking account,Problems caused by my funds being low,,TD Bank US Holding Company,PA,19134,Referral,07/25/2013,Closed with explanation,Yes,No,464992
07/25/2013,Debt collection,Credit card,Communication tactics,Threatened to take legal action,"Cavalry Investments, LLC",MO,63033,Web,07/25/2013,Closed with non-monetary relief,Yes,No,465975
07/25/2013,Credit reporting,,Incorrect information on credit report,Account status,Experian,NJ,8863,Postal mail,08/21/2013,Closed with non-monetary relief,Yes,No,475938
07/25/2013,Credit reporting,,Incorrect information on credit report,Account status,Equifax,NJ,8863,Postal mail,08/21/2013,Closed with non-monetary relief,Yes,No,475939
08-07-2013,Mortgage,Conventional adjustable mortgage (ARM),"Loan modification,collection,foreclosure",,Bank of America,FL,32086,Web,08-09-2013,Closed with explanation,Yes,Yes,484689
07/24/2013,Mortgage,Conventional fixed mortgage,"Loan modification,collection,foreclosure",,Ocwen,IL,60471,Web,07/25/2013,Closed with explanation,Yes,No,464830
08-07-2013,Debt collection,I do not know,Communication tactics,Frequent or repeated calls,"The CBE Group, Inc.",CA,90034,Web,08-07-2013,Closed with non-monetary relief,Yes,No,482978
08-07-2013,Bank account or service,Savings account,Deposits and withdrawals,,U.S. Bancorp,OH,43081,Phone,08-08-2013,Closed with explanation,Yes,Yes,482979
08/13/2013,Bank account or service,Checking account,"Account opening, closing, or management",,Santander Bank US,MA,2740,Phone,08/14/2013,Closed,Yes,Yes,491687
07/24/2013,Mortgage,Other mortgage,"Loan modification,collection,foreclosure",,Wells Fargo & Company,GA,30064,Referral,07/25/2013,Closed with explanation,Yes,No,465506
07/25/2013,Mortgage,Other mortgage,"Loan modification,collection,foreclosure",,Bank of America,PA,18016,Referral,09/26/2013,Closed with explanation,Yes,No,466753
07/25/2013,Mortgage,Other mortgage,"Loan modification,collection,foreclosure",,Bank of America,FL,33056,Referral,07/26/2013,Closed with non-monetary relief,Yes,No,467035
07/24/2013,Mortgage,Other mortgage,"Loan modification,collection,foreclosure",,Wells Fargo & Company,CA,93010,Referral,07/25/2013,Closed with explanation,Yes,No,465102